Name,URL,Stars,Description
"aws-elasticache-cluster-client-memcached-for-java","https://github.com/awslabs/aws-elasticache-cluster-client-memcached-for-java",91,"Amazon ElastiCache Cluster Client for Java - enhanced library to connect to ElastiCache clusters."
"dynamodb-transactions","https://github.com/awslabs/dynamodb-transactions",357,""
"aws-sdk-android-samples","https://github.com/awslabs/aws-sdk-android-samples",1047,"This repository has samples that demonstrate various aspects of the AWS SDK for Android, you can get the SDK source on Github https://github.com/aws-amplify/aws-sdk-android/"
"amazon-kinesis-client","https://github.com/awslabs/amazon-kinesis-client",655,"Client library for Amazon Kinesis"
"route53-infima","https://github.com/awslabs/route53-infima",358,"Library for managing service-level fault isolation using Amazon Route 53."
"aws-fluent-plugin-kinesis","https://github.com/awslabs/aws-fluent-plugin-kinesis",290,"Amazon Kinesis output plugin for Fluentd"
"elasticache-cluster-config-net","https://github.com/awslabs/elasticache-cluster-config-net",29,"A configuration object for Enyim's MemcachedClient that enables the use of Amazon ElastiCache's Auto Discovery feature"
"amazon-kinesis-aggregators","https://github.com/awslabs/amazon-kinesis-aggregators",151,"Amazon Kinesis Aggregators provides a simple way to create real time aggregations of data on Amazon Kinesis."
"dynamodb-document-js-sdk","https://github.com/awslabs/dynamodb-document-js-sdk",252,"DynamoDB Document SDK in Javascript"
"amazon-kinesis-client-python","https://github.com/awslabs/amazon-kinesis-client-python",375,"Amazon Kinesis Client Library for Python"
"amazon-kinesis-scaling-utils","https://github.com/awslabs/amazon-kinesis-scaling-utils",335,"The Kinesis Scaling Utility is designed to give you the ability to scale Amazon Kinesis Streams in the same way that you scale EC2 Auto Scaling groups – up or down by a count or as a percentage of the total fleet. You can also simply scale to an exact number of Shards. There is no requirement for you to manage the allocation of the keyspace to Shards when using this API, as it is done automatically."
"dynamodb-cross-region-library","https://github.com/awslabs/dynamodb-cross-region-library",275,"A library to facilitate cross-region replication with Amazon DynamoDB Streams."
"dynamodb-streams-kinesis-adapter","https://github.com/awslabs/dynamodb-streams-kinesis-adapter",101,"The Amazon DynamoDB Streams Adapter implements the Amazon Kinesis interface so that your application can use KCL to consume and process data from a DynamoDB stream."
"aws-codedeploy-plugin","https://github.com/awslabs/aws-codedeploy-plugin",155,"Jenkins plugin for AWS CodeDeploy"
"amazon-kinesis-client-ruby","https://github.com/awslabs/amazon-kinesis-client-ruby",149,"A Ruby interface for the Amazon Kinesis Client Library. Allows developers to easily create robust application to process Amazon Kinesis streams in Ruby."
"amazon-redshift-utils","https://github.com/awslabs/amazon-redshift-utils",2809,"Amazon Redshift Utils contains utilities, scripts and view which are useful in a Redshift environment"
"aws-sdk-php-resources","https://github.com/awslabs/aws-sdk-php-resources",135,"A resource-oriented interface for interacting with AWS services from PHP."
"amazon-sqs-java-messaging-lib","https://github.com/awslabs/amazon-sqs-java-messaging-lib",181,"This Amazon SQS Java Messaging Library holds the Java Message Service compatible classes, that are used for communicating with Amazon Simple Queue Service. "
"aws-sdk-ios-samples","https://github.com/awslabs/aws-sdk-ios-samples",1052,"This repository has samples that demonstrate various aspects of the AWS SDK for iOS, you can get the SDK source on Github https://github.com/aws-amplify/aws-sdk-ios/"
"aws-lambda-redshift-loader","https://github.com/awslabs/aws-lambda-redshift-loader",595,"Amazon Redshift Database Loader implemented in AWS Lambda"
"amazon-kinesis-client-nodejs","https://github.com/awslabs/amazon-kinesis-client-nodejs",305,"Amazon Kinesis Client Library for Node.js "
"aws-js-s3-explorer","https://github.com/awslabs/aws-js-s3-explorer",858,"AWS JavaScript S3 Explorer is a JavaScript application that uses AWS's JavaScript SDK and S3 APIs to make the contents of an S3 bucket easy to browse via a web browser. "
"ecs-task-kite","https://github.com/awslabs/ecs-task-kite",61,"ECS Task Kite - A simple ambassador container for inter-task communication on ECS - http://aws.amazon.com/ecs/ "
"amazon-kinesis-client-net","https://github.com/awslabs/amazon-kinesis-client-net",64,"This package provides an interface to the Amazon Kinesis Client Library (KCL) MultiLangDaemon for the .NET Framework."
"amazon-kinesis-producer","https://github.com/awslabs/amazon-kinesis-producer",412,"Amazon Kinesis Producer Library"
"aws-device-farm-jenkins-plugin","https://github.com/awslabs/aws-device-farm-jenkins-plugin",89,"Jenkins plugin for AWS Device Farm. "
"aws-codepipeline-custom-job-worker","https://github.com/awslabs/aws-codepipeline-custom-job-worker",32,"Use this sample to help you develop your own job worker when creating a custom action for AWS CodePipeline. For more information, see Create a Custom Action for a Pipeline. http://docs.aws.amazon.com/codepipeline/latest/userguide/how-to-create-custom-action.html"
"aws-codepipeline-plugin-for-jenkins","https://github.com/awslabs/aws-codepipeline-plugin-for-jenkins",83,"Use this plugin to integrate your Jenkins project with a pipeline in AWS CodePipeline. For more information and step-by-step directions on how to install and configure this plugin, follow the Four Stage Pipeline Tutorial. http://docs.aws.amazon.com/codepipeline/latest/userguide/getting-started-4.html"
"AWSCodePipeline-Jenkins-AWSCodeDeploy_Windows","https://github.com/awslabs/AWSCodePipeline-Jenkins-AWSCodeDeploy_Windows",15,"Use this sample when creating a four-stage pipeline in AWS CodePipeline while following the Four Stage Pipeline Tutorial. http://docs.aws.amazon.com/codepipeline/latest/userguide/getting-started-4.html"
"aws-codepipeline-jenkins-aws-codedeploy_linux","https://github.com/awslabs/aws-codepipeline-jenkins-aws-codedeploy_linux",51,"Use this sample when creating a four-stage pipeline in AWS CodePipeline while following the Four Stage Pipeline Tutorial. http://docs.aws.amazon.com/codepipeline/latest/userguide/getting-started-4.html"
"aws-apigateway-sdk-java","https://github.com/awslabs/aws-apigateway-sdk-java",32,""
"aws-sdk-net-samples","https://github.com/awslabs/aws-sdk-net-samples",194,""
"git-secrets","https://github.com/awslabs/git-secrets",13072,"Prevents you from committing secrets and credentials into git repositories"
"aws-elasticache-cluster-client-memcached-for-php","https://github.com/awslabs/aws-elasticache-cluster-client-memcached-for-php",64,"Amazon ElastiCache Cluster Client is an enhanced PHP library to connect to ElastiCache clusters. This client library has been built upon libmemcached and is released under the Apache License. "
"aws-elasticache-cluster-client-libmemcached","https://github.com/awslabs/aws-elasticache-cluster-client-libmemcached",26,"Libmemcached library support for Amazon ElastiCache Memcached Cluster for PHP. The client is available at https://github.com/awslabs/aws-elasticache-cluster-client-memcached-for-php."
"flowgger","https://github.com/awslabs/flowgger",874,"A fast data collector in Rust"
"landsat-on-aws","https://github.com/awslabs/landsat-on-aws",42,"Landsat on AWS is a web application that uses Amazon S3, Amazon API Gateway, and AWS Lambda to create an infinitely scalable interface to navigate Landsat satellite data."
"ec2-spot-labs","https://github.com/awslabs/ec2-spot-labs",979,"Collection of tools and code examples to demonstrate best practices in using Amazon EC2 Spot Instances."
"simplebeerservice","https://github.com/awslabs/simplebeerservice",319,"Simple Beer Service (SBS) is a cloud-connected kegerator that streams live sensor data to AWS."
"collectd-cloudwatch","https://github.com/awslabs/collectd-cloudwatch",207,"A collectd plugin for sending data to Amazon CloudWatch"
"aws-sha256-agentcs","https://github.com/awslabs/aws-sha256-agentcs",6,"SHA256 Agent Compatibility Scanner"
"aws-device-farm-gradle-plugin","https://github.com/awslabs/aws-device-farm-gradle-plugin",61,"Gradle plugin for AWS Device Farm. "
"amazon-kinesis-archiver","https://github.com/awslabs/amazon-kinesis-archiver",31,"An AWS Lambda module and node.js library to facilitate Amazon Kinesis archival and replay"
"logstash-output-amazon_es","https://github.com/awslabs/logstash-output-amazon_es",375,"Logstash output plugin to sign and export logstash events to Amazon Elasticsearch Service"
"aws-shell","https://github.com/awslabs/aws-shell",7332,"An integrated shell for working with the AWS CLI."
"amazon-ecs-amazon-efs","https://github.com/awslabs/amazon-ecs-amazon-efs",66,"Using Amazon EFS to Persist Data from Amazon ECS Containers"
"amazon-sqs-java-extended-client-lib","https://github.com/awslabs/amazon-sqs-java-extended-client-lib",227,"An extension to the Amazon SQS client that enables sending and receiving messages up to 2GB via Amazon S3. "
"amazon-kinesis-agent","https://github.com/awslabs/amazon-kinesis-agent",371,"Continuously monitors a set of log files  and sends new data to the Amazon Kinesis Stream and Amazon Kinesis Firehose in near-real-time. "
"lambda-streams-to-firehose","https://github.com/awslabs/lambda-streams-to-firehose",279,"AWS Lambda function to forward Stream data to Kinesis Firehose"
"aws-detailed-billing-parser","https://github.com/awslabs/aws-detailed-billing-parser",118,"Python script to parse the Detailed Billing Reports to Elasticsearch or .json file."
"pgbouncer-fast-switchover","https://github.com/awslabs/pgbouncer-fast-switchover",444,"Adds query routing and rewriting extensions to pgbouncer"
"route53-dynamic-dns-with-lambda","https://github.com/awslabs/route53-dynamic-dns-with-lambda",532,"A Dynamic DNS system built with API Gateway, Lambda & Route 53. "
"ec2-spot-jenkins-plugin","https://github.com/awslabs/ec2-spot-jenkins-plugin",95,"The EC2 Spot Jenkins plugin launches EC2 Spot instances as worker nodes for Jenkins CI server, automatically scaling the capacity with the load. "
"kinesis-aggregation","https://github.com/awslabs/kinesis-aggregation",377,"AWS libraries/modules for working with Kinesis aggregated record data"
"aws-akka-firehose","https://github.com/awslabs/aws-akka-firehose",14,"An Akka actor that writes JSON data into Amazon Kinesis Firehose."
"aws-config-rules","https://github.com/awslabs/aws-config-rules",1724,"[Node, Python, Java] Repository of sample Custom Rules for AWS Config. "
"aws-apigateway-lambda-authorizer-blueprints","https://github.com/awslabs/aws-apigateway-lambda-authorizer-blueprints",719,"Blueprints and examples for Lambda-based custom Authorizers for use in API Gateway."
"aws-blog-net-exploring-aspnet-core","https://github.com/awslabs/aws-blog-net-exploring-aspnet-core",28,"This repository is for exploring the new ASP.NET Core platform with AWS. On the AWS .NET blog site there are a series of posts talking about the code in this repository. For any questions or ideas about ASP.NET Core on AWS feel free to open a GitHub issue. That will help us in determining future blog content."
"lambda-chef-node-cleanup","https://github.com/awslabs/lambda-chef-node-cleanup",71,"Automatically Delete Terminated Instances in Chef Server with AWS Lambda "
"aws-security-automation","https://github.com/awslabs/aws-security-automation",631,"Collection of scripts and resources for DevSecOps and Automated Incident Response Security"
"aws_lambda_sample_events_python","https://github.com/awslabs/aws_lambda_sample_events_python",57,"A Python module for creating sample events to test AWS Lambda functions. "
"amazon-redshift-monitoring","https://github.com/awslabs/amazon-redshift-monitoring",273,"Amazon Redshift Advanced Monitoring"
"ecs-refarch-service-discovery","https://github.com/awslabs/ecs-refarch-service-discovery",444,"An EC2 Container Service Reference Architecture for providing Service Discovery to containers using CloudWatch Events, Lambda and Route 53 private hosted zones. "
"aws-config-to-elasticsearch","https://github.com/awslabs/aws-config-to-elasticsearch",71,"Generates an AWS Config Snapshot and ingests it into ElasticSearch for further analysis using Kibana "
"amazon-ecr-credential-helper","https://github.com/awslabs/amazon-ecr-credential-helper",2671,"Automatically gets credentials for Amazon ECR on docker push/docker pull"
"ec2-classic-mirror","https://github.com/awslabs/ec2-classic-mirror",6,"ClassicLink Mirror is an automation tool that assists with an in-progress migration of your EC2 resources from EC2-Classic to a VPC."
"aws-iot-fuse","https://github.com/awslabs/aws-iot-fuse",17,"A FUSE filesystem to interact with AWS IoT service. "
"ecs-refarch-continuous-deployment","https://github.com/awslabs/ecs-refarch-continuous-deployment",855,"ECS Reference Architecture for creating a flexible and scalable deployment pipeline to Amazon ECS using AWS CodePipeline"
"aws-transit-vpc","https://github.com/awslabs/aws-transit-vpc",77,""
"amazon-inspector-finding-forwarder","https://github.com/awslabs/amazon-inspector-finding-forwarder",39,"Python scripts to run in AWS Lambda to process findings from Amazon Inspector"
"amazon-inspector-auto-remediate","https://github.com/awslabs/amazon-inspector-auto-remediate",60,"Lambda job in Python to automatically patch EC2 instances when an inspector assessment generates a CVE finding"
"ecs-secrets","https://github.com/awslabs/ecs-secrets",177,"Runtime secrets management solution for ECS using Task IAM Roles"
"rds-support-tools","https://github.com/awslabs/rds-support-tools",227,"Amazon RDS Support Tools contains utilities, sql, scripts and views which are useful in a RDS environment"
"aws-dx-monitor","https://github.com/awslabs/aws-dx-monitor",60,"Simple AWS Direct Connect monitoring with Amazon CloudWatch."
"amazon-inspector-agent-autodeploy","https://github.com/awslabs/amazon-inspector-agent-autodeploy",29,"Lambda job in Python to automatically deploy Inspector agent to newly-launched EC2 instances"
"emr-dynamodb-connector","https://github.com/awslabs/emr-dynamodb-connector",228,"Implementations of open source Apache Hadoop/Hive interfaces which allow for ingesting data from Amazon DynamoDB"
"dynamodb-continuous-backup","https://github.com/awslabs/dynamodb-continuous-backup",182,"Continuous backup automation for Amazon DynamoDB"
"cloudwatch-api-tracker","https://github.com/awslabs/cloudwatch-api-tracker",31,"This application (in the form of a lambda function) will publish CloudWatch metrics based on API usage. It listens to a CloudWatch Log Stream that is associated with a CloudTrail log and publishes metrics in specified batches."
"aws-ms-deploy-assistant","https://github.com/awslabs/aws-ms-deploy-assistant",9,"The AWS Deployment Assistance for Microsoft Developer Platform enables integration of the AWS CodePipeline and CodeDeploy Services into the Visual Studio or Team Foundation Server build process"
"ec2-migrate-longer-id","https://github.com/awslabs/ec2-migrate-longer-id",12,"The code opts the entire account in to the longer id format for ec2 resources in each region with a single request. It will also print status and revert to shorter ids in case of problems. "
"cwe-monitor-secgrp","https://github.com/awslabs/cwe-monitor-secgrp",26,"This CloudWatch Events rule Lambda function evaluates AWS API calls that change Amazon EC2 security group ingress rules. The function flags rules that violate a preconfigured policy. "
"ecs-swift-sample-app","https://github.com/awslabs/ecs-swift-sample-app",10,""
"lambda-refarch-mapreduce","https://github.com/awslabs/lambda-refarch-mapreduce",426,"This repo presents a reference architecture for running serverless MapReduce jobs. This has been implemented using AWS Lambda and Amazon S3."
"statelint","https://github.com/awslabs/statelint",352,"A Ruby gem that provides a command-line validator for Amazon States Language JSON files. "
"j2119","https://github.com/awslabs/j2119",11,"A general-purpose validator generator that uses RFC2119-style assertions as input."
"ec2-fleet-compare","https://github.com/awslabs/ec2-fleet-compare",29,"A small command line utility to find the most effective EC2 instances that match a set of requirements."
"ecr-cleanup-lambda","https://github.com/awslabs/ecr-cleanup-lambda",162,"A script to discover stale ECR images and take action on them with Lambda to help reduce costs."
"cloudwatch-logs-customize-alarms","https://github.com/awslabs/cloudwatch-logs-customize-alarms",106,"A Lambda function that helps customize alarms from Amazon CloudWatch to fit your specific needs."
"cloudwatch-logs-analyze-data","https://github.com/awslabs/cloudwatch-logs-analyze-data",47,"A Lambda function that builds an on-demand, scalable Amazon Elasticsearch cluster to solve a specific problem or to do analysis."
"aws-api-gateway-developer-portal","https://github.com/awslabs/aws-api-gateway-developer-portal",947,"A Serverless Developer Portal for easily publishing and cataloging APIs"
"deeplearning-benchmark","https://github.com/awslabs/deeplearning-benchmark",118,""
"awscli-aliases","https://github.com/awslabs/awscli-aliases",484,"Repository for AWS CLI aliases."
"aws-cfn-template-flip","https://github.com/awslabs/aws-cfn-template-flip",1008,"Tool for converting AWS CloudFormation templates between JSON and YAML formats."
"aws-support-tools","https://github.com/awslabs/aws-support-tools",1500,"Tools and sample code provided by AWS Premium Support."
"aws-codebuild-jenkins-plugin","https://github.com/awslabs/aws-codebuild-jenkins-plugin",154,"AWS CodeBuild integration as a Jenkins build step."
"ec2watch","https://github.com/awslabs/ec2watch",13,"ec2watch is a simple tool that can capture screenshots of an EC2 instance's console for display, automatically updating on a set interval. "
"mxnet-lambda","https://github.com/awslabs/mxnet-lambda",133,"Reference Lambda function that predicts image labels for a image using an MXNet-built deep learning model. The repo also has pre-built MXNet, OpenCV libraries for use with AWS Lambda."
"serverless-photo-recognition","https://github.com/awslabs/serverless-photo-recognition",387,"A collection of 3 lambda functions that are invoked by Amazon S3 or Amazon API Gateway to analyze uploaded images with Amazon Rekognition and save picture labels to ElasticSearch (written in Kotlin)"
"rekognition-image-search-engine","https://github.com/awslabs/rekognition-image-search-engine",60,"Reference implementation on building a local image search engine that uses Amazon Rekognition image labels to create an inverted index."
"aws-batch-helpers","https://github.com/awslabs/aws-batch-helpers",134,"AWS Batch helpers is a collection of scripts and tools that can be used with AWS Batch."
"cloudformation-accustom","https://github.com/awslabs/cloudformation-accustom",20,"Accustom is a library for responding to Custom Resources in AWS CloudFormation using the decorator pattern."
"deeplearning-cfn","https://github.com/awslabs/deeplearning-cfn",252,"Distributed Deep Learning on AWS Using CloudFormation (CFN), MXNet and TensorFlow"
"rekognition-video-utils","https://github.com/awslabs/rekognition-video-utils",40,"Reference implementation on labeling video frames using Amazon Rekognition. The repo also contains some OpenCV based video utilities for frame extraction and labeling."
"hids-cloudwatchlogs-opensearch-template","https://github.com/awslabs/hids-cloudwatchlogs-opensearch-template",63,"Monitor Host-Based Intrusion Detection System Alerts on Amazon EC2 Instances"
"IsItOnAWS","https://github.com/awslabs/IsItOnAWS",53,"Mini web site that uses a lambda function to search a host name or IP address in the list of AWS address ranges, see https://aws.amazon.com/blogs/aws/aws-ip-ranges-json/"
"custom-lookup-lambda","https://github.com/awslabs/custom-lookup-lambda",31,"CloudFormation Custom Resource can be leveraged to query AWS DynamoDB via an AWS Lambda function to retrieve the key value pairs, replacing the mappings and parameter sections and providing a more automated approach for managing template parameters."
"amazon-kinesis-data-generator","https://github.com/awslabs/amazon-kinesis-data-generator",209,"A UI that simplifies testing with Amazon Kinesis Streams and Firehose. Create and save record templates, and easily send data to Amazon Kinesis."
"cloudwatch-fluent-metrics","https://github.com/awslabs/cloudwatch-fluent-metrics",58,"Fast and easy-to-use library for implementing CloudWatch Custom Metrics"
"aws-systems-manager","https://github.com/awslabs/aws-systems-manager",110,"Artifacts for use with AWS Systems Manager"
"aws-kinesis-beanstalk-workers","https://github.com/awslabs/aws-kinesis-beanstalk-workers",8,"Elastic Beanstalk Managed Consumer for Amazon Kinesis"
"ml-experiments-schema","https://github.com/awslabs/ml-experiments-schema",45,"A JSON-based schema for storing declarative descriptions of machine learning experiments"
"amazon-dynamodb-lock-client","https://github.com/awslabs/amazon-dynamodb-lock-client",510,"The AmazonDynamoDBLockClient is a general purpose distributed locking library built on top of DynamoDB. It supports both coarse-grained and fine-grained locking."
"codedeploy-blue-green","https://github.com/awslabs/codedeploy-blue-green",48,"These artifacts are associated with the blog post on Blue/Green Deployments with CodeDeploy."
"ami-builder-packer","https://github.com/awslabs/ami-builder-packer",462,"An example of an AMI Builder using CI/CD with AWS CodePipeline, AWS CodeBuild, Hashicorp Packer and Ansible."
"aws-s3snapshot","https://github.com/awslabs/aws-s3snapshot",28,"S3 Snapshot script to run from command-line or scheduled in Lambda."
"amazon-ecs-nodejs-microservices","https://github.com/awslabs/amazon-ecs-nodejs-microservices",693,"Reference architecture that shows how to take a Node.js application, containerize it, and deploy it as microservices on Amazon Elastic Container Service. "
"aws-refarch-cross-account-pipeline","https://github.com/awslabs/aws-refarch-cross-account-pipeline",227,"The Cloudformation Templates guides the users to setup a codepipeline in Account-A, CodeCommit in Account-B and Deployment of a Sample Lambda in Account-C. Provides a reference for customers to use AWS CodePipeline as a centralized product to enable CI/CD across multiple accounts."
"aws-lex-browser-audio-capture","https://github.com/awslabs/aws-lex-browser-audio-capture",165,"An example web application using the Lex JavaScript SDK to send and receive audio from the Lex PostContent API. Demonstrates how to capture an audio device, record audio, and convert the audio into a format that Lex will recognize, and play the response. All from a web browser."
"ecs-nginx-reverse-proxy","https://github.com/awslabs/ecs-nginx-reverse-proxy",335,"Reference architecture for deploying Nginx on ECS, both as a basic static resource server, and as a reverse proxy in front of a dynamic application server."
"aws-checksums","https://github.com/awslabs/aws-checksums",61,"Cross-Platform HW accelerated CRC32c and CRC32 with fallback to efficient SW implementations. C interface with language bindings for each of our SDKs "
"states-language","https://github.com/awslabs/states-language",22,"The States Language spec"
"sockeye","https://github.com/awslabs/sockeye",1218,"Sequence-to-sequence framework with a focus on Neural Machine Translation based on PyTorch"
"aws-greengrass-group-setup","https://github.com/awslabs/aws-greengrass-group-setup",53,"File-driven creation of an entire AWS Greengrass group"
"iot-button-notifications","https://github.com/awslabs/iot-button-notifications",9,"A Lambda function to configure an AWS IoT Button to send customized notification messages using an SNS topic. "
"aws-ec2rescue-linux","https://github.com/awslabs/aws-ec2rescue-linux",184,"Amazon Web Services Elastic Compute Cloud (EC2) Rescue for Linux is a python-based tool that allows for the automatic diagnosis of common problems found on EC2 Linux instances."
"aws-blog-dynamodb-analysis","https://github.com/awslabs/aws-blog-dynamodb-analysis",24,"This package can pull random public tweets from Twitter (tweets-streaming.py) or generates simulated tweets (tweets-simulated.py). The result will be stored into a DynamoDB table."
"aws-lambda-kinesis-prewarming","https://github.com/awslabs/aws-lambda-kinesis-prewarming",15,"Provides canary based prewarming of lambda functions for Kinesis Event Sources."
"aws-iam-generator","https://github.com/awslabs/aws-iam-generator",246,"Generate Multi-Account IAM users/groups/roles/policies from a simple YAML configuration file and Jinja2 templates. "
"kinesis-kafka-connector","https://github.com/awslabs/kinesis-kafka-connector",158,"kinesis-kafka-connector is connector based on Kafka Connect to publish messages to Amazon Kinesis streams or Amazon Kinesis Firehose."
"cloudformation-ldaps-haproxy-template","https://github.com/awslabs/cloudformation-ldaps-haproxy-template",14,"Configure an LDAPS Endpoint for Simple AD"
"pidgin-chime","https://github.com/awslabs/pidgin-chime",58,"Pidgin/libpurple plugin for Amazon Chime"
"aws-discovery-utils","https://github.com/awslabs/aws-discovery-utils",27,"Utilities for use with the AWS Discovery Service API"
"aws-encryption-sdk-test-vectors","https://github.com/awslabs/aws-encryption-sdk-test-vectors",5,"Test vectors for the AWS Encryption SDK"
"aws-crypto-tools-test-vector-framework","https://github.com/awslabs/aws-crypto-tools-test-vector-framework",4,"Contains rules explaining how to use test vectors for the AWS Encryption SDK"
"goformation","https://github.com/awslabs/goformation",850,"GoFormation is a Go library for working with CloudFormation templates."
"elasticache-hybrid-architecture-demo","https://github.com/awslabs/elasticache-hybrid-architecture-demo",6,"Demo to deploy and test Amazon ElastiCache in hybrid architectures with database living on-premises."
"aws-config-rdk","https://github.com/awslabs/aws-config-rdk",476,"The AWS Config Rules Development Kit helps developers set up, author and test custom Config rules. It contains scripts to enable AWS Config, create a Config rule and test it with sample ConfigurationItems. "
"ec2-spot-fleet-bamboo-plugin","https://github.com/awslabs/ec2-spot-fleet-bamboo-plugin",7,"Plugin for Atlassian Bamboo, a continuous integration (CI) tool. The plugin allows users to associate an EC2 Spot Fleet with Bamboo to complete tasks as a part of the CI process."
"open-data-registry","https://github.com/awslabs/open-data-registry",1610,"A registry of publicly available datasets on AWS"
"open-data-registry-browser","https://github.com/awslabs/open-data-registry-browser",39,"A browser for open-data-registry: https://github.com/awslabs/open-data-registry"
"swage","https://github.com/awslabs/swage",23,"A collection of libraries useful for developing and running services. "
"aws-glue-libs","https://github.com/awslabs/aws-glue-libs",691,"AWS Glue Libraries are additions and enhancements to Spark for ETL operations."
"cloud-templates-ruby","https://github.com/awslabs/cloud-templates-ruby",13,"MVC-based templating framework for hierarchical data structures"
"aws-service-catalog-enforce-template-constraints","https://github.com/awslabs/aws-service-catalog-enforce-template-constraints",8,"Lambda function to freeze EC2 instance creation to t2.medium/small for Service Catalog portfolios"
"aws-lex-ai-kit","https://github.com/awslabs/aws-lex-ai-kit",21,"A demonstration of how to get a simple voice based AI kit up and running and connected to Amazon Lex, using a Raspberry Pi and off-the-shelf components"
"social-networks-rekognition-neo4j-blog","https://github.com/awslabs/social-networks-rekognition-neo4j-blog",27,"Jupyter notebook that calls Rekognition, displays an image, and calls a local Neo4j DB to display a graph of relationships "
"MXNet2CoreML_iOS_sample_app","https://github.com/awslabs/MXNet2CoreML_iOS_sample_app",57,"MXNet to Core ML - iOS sample app"
"aws-automating-security-group-updates","https://github.com/awslabs/aws-automating-security-group-updates",52,"This post will explore the idea of using an AWS Lambda function, in combination with AutoScaling Lifecycle Hooks and a DynamoDB table, to automatically update security groups for a dynamic environment on your behalf, leaving you with automatically scoped down security groups. "
"cognito-proxy-rest-service","https://github.com/awslabs/cognito-proxy-rest-service",60,"Moving the Amazon Cognito functionality down the stack to the backend. Ideal for migration purposes and extremely custom Auth functionality. "
"serverless-automated-ui-testing","https://github.com/awslabs/serverless-automated-ui-testing",93,"This repository will contains HTML and Javascript files for static S3 websites (Test Website & Status page), CodeBuild build specification, Python script to perform the testing ans CloudFormation template to launch the stack which will be used in a blog post."
"aws-fpga-app-notes","https://github.com/awslabs/aws-fpga-app-notes",89,"Application notes for the F1 EC2 Instance"
"aurora-snapshot-tool","https://github.com/awslabs/aurora-snapshot-tool",133,"The Snapshot Tool for Amazon Aurora automates the task of creating manual snapshots, copying them into a different account and a different region, and deleting them after a specified number of days"
"deeplearning-emr","https://github.com/awslabs/deeplearning-emr",63,"Scripts and instructions to facilitate running Deep Learning Tasks on Amazon EMR"
"aws-sfn-resume-from-any-state","https://github.com/awslabs/aws-sfn-resume-from-any-state",58,"Resume failed state machines midstream and skip all previously succeded steps. "
"aws-delivlib-sample","https://github.com/awslabs/aws-delivlib-sample",3,"Sample and test project for aws-delivlib"
"node-codemaker","https://github.com/awslabs/node-codemaker",4,"A simple multi-file text writer with code generation tendencies"
"multi-model-server","https://github.com/awslabs/multi-model-server",1024,"Multi Model Server is a tool for serving neural net models for inference"
"dynamodb-data-mapper-js","https://github.com/awslabs/dynamodb-data-mapper-js",818,"A schema-based data mapper for Amazon DynamoDB. "
"cloudwatch-xray-apm-demo","https://github.com/awslabs/cloudwatch-xray-apm-demo",17,"Demo on how to use Amazon CloudWatch custom metrics with either Collectd or CloudWatch logs, so you don't introduce latency on your apps. This demo also uses the AWS X-Ray daemon to send tracing information to X-Ray."
"voice-powered-analytics","https://github.com/awslabs/voice-powered-analytics",116,"Workshop to build voice enabled integration with data analytics"
"rds-snapshot-tool","https://github.com/awslabs/rds-snapshot-tool",343,"The Snapshot Tool for Amazon RDS automates the task of creating manual snapshots, copying them into a different account and a different region, and deleting them after a specified number of days "
"aws-mobile-appsync-sdk-js","https://github.com/awslabs/aws-mobile-appsync-sdk-js",920,"JavaScript library files for Offline, Sync, Sigv4. includes support for React Native"
"aws-mobile-appsync-sdk-ios","https://github.com/awslabs/aws-mobile-appsync-sdk-ios",266,"iOS SDK for AWS AppSync."
"keras-apache-mxnet","https://github.com/awslabs/keras-apache-mxnet",288,"[DEPRECATED] Amazon Deep Learning's Keras with Apache MXNet support"
"aws-eventstream-java","https://github.com/awslabs/aws-eventstream-java",5,"A Java implementation of EventStream encoding, an extensible binary datagram encoding."
"amazon-kinesis-video-streams-producer-sdk-cpp","https://github.com/awslabs/amazon-kinesis-video-streams-producer-sdk-cpp",411,"Amazon Kinesis Video Streams Producer SDK for C++ is for developers to install and customize for their connected camera and other devices to securely stream video, audio, and time-encoded data to Kinesis Video Streams."
"aws-servicebroker-redshift","https://github.com/awslabs/aws-servicebroker-redshift",8,"AWS Service Broker deployment module for Amazon Redshift"
"aws-servicebroker-documentation","https://github.com/awslabs/aws-servicebroker-documentation",38,"AWS Service Broker documentation"
"aws-config-engine-for-compliance-as-code","https://github.com/awslabs/aws-config-engine-for-compliance-as-code",274,"Manage AWS Config Rules at scale in AWS multi-account and/or multi-region environment; with fully configurable deployment (RuleSets) and analytics."
"amazon-kinesis-video-streams-producer-sdk-java","https://github.com/awslabs/amazon-kinesis-video-streams-producer-sdk-java",83,"Allows developers to install and customize their connected camera and other devices to securely stream video, audio, and time-encoded data to Kinesis Video Streams"
"awsprocesscreds","https://github.com/awslabs/awsprocesscreds",128,"Process credential providers for AWS SDKs and Tools"
"aws-ecs-logs-collector-for-windows","https://github.com/awslabs/aws-ecs-logs-collector-for-windows",14,"The script will be used to collect general os logs as well as Docker and ecs-agent logs, it also support to enable debug mode for docker and ecs-agent in Windows 2016."
"aws-for-wordpress","https://github.com/awslabs/aws-for-wordpress",80,"Amazon Polly Plugin for WordPress, which enables functionality for converting any text content on the wordpress site into audio."
"dynamodb-backup-scheduler","https://github.com/awslabs/dynamodb-backup-scheduler",30,"A cloudFormation template - Since DynamoDb backup is ondemand feature - this CF template will help customer to trigger the Lambda code (Python code) in daily basis"
"fargatecli","https://github.com/awslabs/fargatecli",894,"CLI for AWS Fargate"
"aws-codedeploy-new-instance-sync-lambda","https://github.com/awslabs/aws-codedeploy-new-instance-sync-lambda",15,"Python script to automatically sync new instances via AWS CodeDeploy APIs"
"aws-c-common","https://github.com/awslabs/aws-c-common",293,"Core c99 package for AWS SDK for C. Includes cross-platform primitives, configuration, data structures, and error handling."
"aws_owpe_policysign","https://github.com/awslabs/aws_owpe_policysign",2,"OpsWorks Puppet Enterprise (OWPE) is an AWS service offering that provisions PE masters on demand. OWPE Policy Sign module turns on auto signing feature and provides default policy script."
"aws-lambda-go-api-proxy","https://github.com/awslabs/aws-lambda-go-api-proxy",1155,"lambda-go-api-proxy makes it easy to port APIs written with Go frameworks such as Gin (https://gin-gonic.github.io/gin/ ) to AWS Lambda and Amazon API Gateway."
"amazon-sagemaker-workshop","https://github.com/awslabs/amazon-sagemaker-workshop",389,"Amazon SageMaker workshops:  Introduction, TensorFlow in SageMaker, and more"
"aws-mobile-appsync-sdk-android","https://github.com/awslabs/aws-mobile-appsync-sdk-android",106,"Android SDK for AWS AppSync."
"amazon-guardduty-tester","https://github.com/awslabs/amazon-guardduty-tester",414,"This repository can be used to generate and evaluate findings detected by Amazon GuardDuty"
"mxboard","https://github.com/awslabs/mxboard",324,"Logging MXNet data for visualization in TensorBoard."
"amazon-neptune-tools","https://github.com/awslabs/amazon-neptune-tools",310,"Tools and utilities to enable loading data and building graph applications with Amazon Neptune."
"aws-powershell-extensions","https://github.com/awslabs/aws-powershell-extensions",24,"The extensions for AWS Tools for PowerShell provide workflow enhancements on top of the core AWSPowerShell module."
"aws-c-event-stream","https://github.com/awslabs/aws-c-event-stream",37,"C99 implementation of the vnd.amazon.eventstream content-type."
"aws-iot-framework-for-agl","https://github.com/awslabs/aws-iot-framework-for-agl",20,"AWS IoT Framework for AGL is the reference implementation to enable native integration of AWS Greengrass and AWS IoT into the AGL software stack. This allows developers, OEMS, suppliers and Auto Tech start-ups to easily connect their implementations to the AWS cloud. "
"aws-cfn-control","https://github.com/awslabs/aws-cfn-control",47,"AWS-CFN-Control is an interface that provides a way to quickly deploy and redeploy CloudFormation stacks from the command line. The cfnctl command provides the core functionality, with several other commands that will find AMI info, get stack status, build CloudFormation mappings, and other features."
"aws-serverless-twitter-event-source","https://github.com/awslabs/aws-serverless-twitter-event-source",103,"A serverless app that periodically polls the public Twitter Standard Search API and invokes a given lambda function to process new tweets"
"aws-c-io","https://github.com/awslabs/aws-c-io",126,"This is a module for the AWS SDK for C. It handles all IO and TLS work for application protocols. "
"aws-systems-manager-document-generator","https://github.com/awslabs/aws-systems-manager-document-generator",64,"A utility to convert your Python or Bash programs into SSM documents (and optionally - CloudFormation templates, containing those documents)."
"fever","https://github.com/awslabs/fever",119,"FEVER (Fact Extraction and VERification) Annotation Platform and Baselines"
"aws-servicebroker","https://github.com/awslabs/aws-servicebroker",468,"AWS Service Broker"
"aws-serverless-financial-functions","https://github.com/awslabs/aws-serverless-financial-functions",62,"Contains a collection of serverless apps that wrap common financial functions as AWS Lambda functions"
"aws-iam-aad","https://github.com/awslabs/aws-iam-aad",31,"This package includes a set of PowerShell scripts that run inside an AWS Fargate task and keep AWS IAM roles synchronized with Azure Active Directory roles. It is used to setup single-sign-on federation between Azure AD and AWS Management Console."
"aws-iot-certificate-vending-machine","https://github.com/awslabs/aws-iot-certificate-vending-machine",88,"The CVM allows a device to apply for its own certificate and installation."
"aws-devops-essential","https://github.com/awslabs/aws-devops-essential",717,"In few hours, quickly learn how to effectively leverage various AWS services to improve developer productivity and reduce the overall time to market for new product capabilities."
"one-line-scan","https://github.com/awslabs/one-line-scan",21,"With this tool, projects can be compiled easily for fuzzing with AFL or for static code analysis with tools like CBMC. One-line-scan hooks into the compilation process and wraps calls to the compiler with other compilers. Besides the compilation wrappers, one-line-scan ships with basic analysis jobs, that allow to analyze a project right after compilation with the following tools: AFL, cppcheck, CBMC, Fortify."
"aws-dynamodb-storage-monitor","https://github.com/awslabs/aws-dynamodb-storage-monitor",14,"A Python code (Lambda function) which will help to get storage info all DynamoDB tables in a region and publish that metrics in CloudWatch periodically. A cloudFormation template - Since DynamoDb do not have any storage metrics - this CF template will help customer to trigger the Lambda code (Python code) in every 6 hours to push storage utilization info to cloudWatch"
"aws-gov-cloud-import","https://github.com/awslabs/aws-gov-cloud-import",47,"GovCloud Import Tool allows you to import AMI, Snapshots, and S3 Buckets from AWS into AWS GovCloud (US)."
"libfabric-ci-scripts","https://github.com/awslabs/libfabric-ci-scripts",11,"A place for all the various scripts utilized in the libfabric ci project such as pipelines and packer files."
"aws-vpn-migration-scripts","https://github.com/awslabs/aws-vpn-migration-scripts",25,"AWS VPN Migration scripts that provide a simple way to migrate from a Classic VPN to an AWS VPN connection, using public APIs."
"server-fleet-management-at-scale","https://github.com/awslabs/server-fleet-management-at-scale",29,"his solution helps customers more easily manage their fleet of servers, automate software inventory management, OS patch compliance, and run security vulnerability assessments. This solution uses AWS Systems Manager documents to enable configuration as code to mange resources at scale."
"aws-opsworkscm-server-mgmt","https://github.com/awslabs/aws-opsworkscm-server-mgmt",4,"aws-opsworkscm-server-mgmt sets up a pipeline that manages OpsWorks Configuration Manager server instances (such as OpsWorks Chef Automate and/or OpsWorks Puppet Enterprise) based on a configuration file (opsworkscmconfig.json). The pipeline can identify a ""rogue"" instances (defined by those instances that does not have an entry in the opsworkscmconfig.json) and optionally remove the instances. The pipeline currently supports single account and multi region for now but the effort is under way to support multi account and multi region instances."
"aws-sagemaker-emr-tutorial","https://github.com/awslabs/aws-sagemaker-emr-tutorial",27,"Supporting code, Dockerfile, and Jupyter notebook for an end to end tutorial on Amazon SageMaker and EMR."
"aws-well-architected-labs","https://github.com/awslabs/aws-well-architected-labs",2091,"Hands on labs and code to help you learn, measure, and build using architectural best practices."
"serverless-subtitles","https://github.com/awslabs/serverless-subtitles",131,"Serverless Subtitles can handle a video input, extract the sound, transcript it and generate different subtitle files for your video."
"speke-reference-server","https://github.com/awslabs/speke-reference-server",123,"Secure Packager and Encoder Key Exchange (SPEKE) is part of the AWS Elemental content encryption protection strategy for media services customers. SPEKE defines the standard for communication between our media services and digital rights management (DRM) system key servers. This project provides the basic framework that partners can specialize and extend to support their specific method of Digital Rights Management while utilizing AWS' video streaming solutions."
"athena-glue-service-logs","https://github.com/awslabs/athena-glue-service-logs",140,"Glue scripts for converting AWS Service Logs for use in Athena"
"aws-c-compression","https://github.com/awslabs/aws-c-compression",38,"C99 implementation of huffman encoding/decoding"
"media-analysis-solution","https://github.com/awslabs/media-analysis-solution",75,"This Solutions Implementation has been superseded by AWS Content Analysis at https://aws.amazon.com/solutions/implementations/aws-content-analysis/."
"amazon-eks-ami","https://github.com/awslabs/amazon-eks-ami",2616,"Packer configuration for building a custom EKS AMI"
"aws-serverless-metrics-publisher","https://github.com/awslabs/aws-serverless-metrics-publisher",9,"A metric publisher to batch metrics and send requests to CloudWatch for storage. "
"visual-search","https://github.com/awslabs/visual-search",67,"Visual search implementation resources, including an explanatory Jupyter notebook and Amazon SageMaker and AWS DeepLens code."
"benchmark-ai","https://github.com/awslabs/benchmark-ai",19,"Anubis (formerly known as Benchmark AI), measures the goodness of machine learning workloads"
"amazon-ecr-containerd-resolver","https://github.com/awslabs/amazon-ecr-containerd-resolver",107,"The Amazon ECR containerd resolver is an implementation of a containerd Resolver and Fetcher that can pull images from and push images to Amazon ECR using the Amazon ECR API instead of the Docker Registry API. "
"s3-managed-download-js","https://github.com/awslabs/s3-managed-download-js",21,"The JavaScript SDK Managed Download package can be used for custom S3 downloads. The client can configure options for the Managed Download such as chunk size and number of parts to download concurrently. "
"aws-c-mqtt","https://github.com/awslabs/aws-c-mqtt",102,"C99 implementation of the MQTT 3.1.1 specification."
"aws-c-http","https://github.com/awslabs/aws-c-http",166,"C99 implementation of the HTTP/1.1 and HTTP/2 specifications"
"deequ","https://github.com/awslabs/deequ",3547,"Deequ is a library built on top of Apache Spark for defining ""unit tests for data"", which measure data quality in large datasets."
"datawig","https://github.com/awslabs/datawig",491,"Imputation of missing values in tables."
"kinesis-agent-windows","https://github.com/awslabs/kinesis-agent-windows",42,"An extensible Windows agent that ingests logs and metrics to AWS services such as Kinesis Stream, Kinesis Firehose, CloudWatch Logs and CloudWatch."
"aws-iot-analytics-notebook-containers","https://github.com/awslabs/aws-iot-analytics-notebook-containers",28,"An extension for Jupyter notebooks that allows running notebooks inside a Docker container and converting them to runnable Docker images."
"pkcs11-runners-for-project-wycheproof","https://github.com/awslabs/pkcs11-runners-for-project-wycheproof",4,"This project enables running the Project Wycheproof test vectors on PKCS #11 devices. It should compile and run on any modern Linux system with a PKCS #11 compliant device."
"aws-lambda-security-controls","https://github.com/awslabs/aws-lambda-security-controls",53,"This is a collection of AWS CloudFormation templates which create Lambda functions triggered by CloudWatch Events rule to evaluate AWS API calls to trigger Amazon Simple Notification Service (Amazon SNS) for notifications."
"ros2-migration-tools","https://github.com/awslabs/ros2-migration-tools",220,"Tools for migrating packages from ROS1 to ROS2."
"aws-crt-java","https://github.com/awslabs/aws-crt-java",71,"Java bindings for the AWS Common Runtime"
"aws-crt-python","https://github.com/awslabs/aws-crt-python",94,"Python bindings for the AWS Common Runtime"
"aws-sigv4-proxy","https://github.com/awslabs/aws-sigv4-proxy",417,"This project signs and proxies HTTP requests with Sigv4"
"aws-ros-client-library-microcontrollers","https://github.com/awslabs/aws-ros-client-library-microcontrollers",13,"A ROS Client Library targeted at microcontrollers that will connect to the ROS network using DDS-XRCE."
"aws-glue-catalog-sync-agent-for-hive","https://github.com/awslabs/aws-glue-catalog-sync-agent-for-hive",35,"Enables synchronizing metadata changes (Create/Drop table/partition) from Hive Metastore to AWS Glue Data Catalog"
"ecs-cluster-manager","https://github.com/awslabs/ecs-cluster-manager",51,"This project is meant to automate and simplify the lifecycle management of an ECS cluster."
"aws-lambda-cpp","https://github.com/awslabs/aws-lambda-cpp",458,"C++ implementation of the AWS Lambda runtime"
"amazon-quicksight-embedding-sdk","https://github.com/awslabs/amazon-quicksight-embedding-sdk",192,"A SDK to help users embed QuickSight dashboards on other pages."
"fast-pseudoprimes","https://github.com/awslabs/fast-pseudoprimes",5,"Rust program to find pseudoprimes that pass fixed Miller Rabin bases"
"live-streaming-with-automated-multi-language-subtitling","https://github.com/awslabs/live-streaming-with-automated-multi-language-subtitling",169,"Live Streaming with Automated Multi-Language Subtitling is a project to automatically generates multi-language subtitles for live streaming web video content. Adding subtitles to your live video content can help improve reach and access, exposing your content to a much larger audience."
"dynamic-training-with-apache-mxnet-on-aws","https://github.com/awslabs/dynamic-training-with-apache-mxnet-on-aws",56,"Dynamic training with Apache MXNet reduces cost and time for training deep neural networks by leveraging AWS cloud elasticity and scale. The system reduces training cost and time by dynamically updating the training cluster size during training, with minimal impact on model training accuracy."
"aws-amplify-unicorntrivia-workshop","https://github.com/awslabs/aws-amplify-unicorntrivia-workshop",163,"This is repository contains a self-paced workshop that uses AWS AppSync, AWS Amplify and AWS Elemental Media Services to implement a live streaming trivia system."
"aws-kms-compliance-checker","https://github.com/awslabs/aws-kms-compliance-checker",4,"A Java compiler plugin that proves, at compile-time, that Java code only requests 256-bit data keys from AWS KMS."
"amazon-sqs-java-temporary-queues-client","https://github.com/awslabs/amazon-sqs-java-temporary-queues-client",98,"An Amazon SQS client that supports creating lightweight, automatically-deleted temporary queues, for use in common messaging patterns such as Request/Response. See http://aws.amazon.com/sqs."
"aws-crt-nodejs","https://github.com/awslabs/aws-crt-nodejs",43,"NodeJS bindings for the AWS Common Runtime."
"aws-crt-cpp","https://github.com/awslabs/aws-crt-cpp",86,"C++ wrapper around the aws-c-* libraries. Provides Cross-Platform Transport Protocols and SSL/TLS implementations for C++."
"slru-to-buffer-cache","https://github.com/awslabs/slru-to-buffer-cache",1,"This repository serves to provide a specific feature back to PostgreSQL. It is not intended for use or to contribute to."
"aws-eks-cluster-controller","https://github.com/awslabs/aws-eks-cluster-controller",103,"Manages EKS clusters in different AWS accounts using Custom Resources"
"aws-securityhub-multiaccount-scripts","https://github.com/awslabs/aws-securityhub-multiaccount-scripts",280,"This script automates the process of running the Security Hub multi-account workflow across a group of accounts that are in your control"
"aws-lambda-python-aurora-version-check","https://github.com/awslabs/aws-lambda-python-aurora-version-check",9,"Python SAM Lambda module for periodically checking Aurora Database Engine Updates documentation site for new version releases and notify via SES if updates are found."
"oci-add-hooks","https://github.com/awslabs/oci-add-hooks",64,"Add oci hooks to Docker"
"k8s-eniconfig-controller","https://github.com/awslabs/k8s-eniconfig-controller",9,"The ENIConfig Controller will automatically annotate your Kubernetes nodes to allow them to use a secondary subnet for the pods."
"git-coco","https://github.com/awslabs/git-coco",11,"git-coco is a plugin for git that provides a simplified way to interact with AWS CodeCommit"
"aws-glue-data-catalog-client-for-apache-hive-metastore","https://github.com/awslabs/aws-glue-data-catalog-client-for-apache-hive-metastore",226,"The AWS Glue Data Catalog is a fully managed, Apache Hive Metastore compatible, metadata repository. Customers can use the Data Catalog as a central repository to store structural and operational metadata for their data.  AWS Glue provides out-of-box integration with Amazon EMR that enables customers to use the AWS Glue Data Catalog as an external Hive Metastore.  This is an open-source implementation of the Apache Hive Metastore client on Amazon EMR clusters that uses the AWS Glue Data Catalog as an external Hive Metastore. It serves as a reference implementation for building a Hive Metastore-compatible client that connects to the AWS Glue Data Catalog. It may be ported to other Hive Metastore-compatible platforms such as other Hadoop and Apache Spark distributions"
"aws-crypto-policy-compliance-checker","https://github.com/awslabs/aws-crypto-policy-compliance-checker",9,"A CheckerFramework plugin to detect the use of weak algorithms with the Java crypto API."
"datawig-sagemaker","https://github.com/awslabs/datawig-sagemaker",10,"Wraps https://github.com/awslabs/datawig into a SageMaker Docker container."
"aws-video-transcriber","https://github.com/awslabs/aws-video-transcriber",178,"This solution provides a serverless single page web application and set of supporting Amazon API Gateway end points and AWS Lambda functions which allow users to upload videos into S3 and compute and edit closed captions. AWS services used: Amazon S3, Amazon Elastic Transcoder, Amazon Transcribe, Amazon API Gateway, AWS Lambda and Amazon DynamoDB."
"data-classification-checker","https://github.com/awslabs/data-classification-checker",9,"Type system to detect accidental logging and inappropriate use of critical data in Java applications."
"aws-c-cal","https://github.com/awslabs/aws-c-cal",42,"Aws Crypto Abstraction Layer: Cross-Platform, C99 wrapper for cryptography primitives."
"amazon-managed-blockchain-client-templates","https://github.com/awslabs/amazon-managed-blockchain-client-templates",47,"AWS CloudFormation templates to provision Amazon EC2 instances and install and configure clients for use with blockchain frameworks in Amazon Managed Blockchain"
"container-content-ideas-for-aws","https://github.com/awslabs/container-content-ideas-for-aws",43,"A list of ideas for content that AWS should develop about running containers on AWS."
"ec2-spot-workshops","https://github.com/awslabs/ec2-spot-workshops",188,"Collection of workshops to demonstrate best practices in using Amazon EC2 Spot Instances. https://aws.amazon.com/ec2/spot/"
".github","https://github.com/awslabs/.github",4,""
"aws-deployment-framework","https://github.com/awslabs/aws-deployment-framework",693,"The AWS Deployment Framework (ADF) is an extensive and flexible framework to manage and deploy resources across multiple AWS accounts and regions based on AWS Organizations."
"aws-track-and-trace","https://github.com/awslabs/aws-track-and-trace",6,"Sample Track and Trace project to help you track your moving assets and receive alerts of their status."
"amplify-video","https://github.com/awslabs/amplify-video",268,"An open source Category Plugin for the AWS Amplify-CLI that makes it easy to deploy live and file based streaming video services and integrate them into your Amplify applications."
"handwritten-text-recognition-for-apache-mxnet","https://github.com/awslabs/handwritten-text-recognition-for-apache-mxnet",520,"This repository lets you train neural networks models for performing end-to-end full-page handwriting recognition using the Apache MXNet deep learning frameworks on the IAM Dataset."
"aws-config-resource-schema","https://github.com/awslabs/aws-config-resource-schema",259,"AWS Config resource schema define the properties and types of AWS Config resource configuration items (CIs). Resource CI schema are used by developers when performing advanced resource queries and when processing CI data."
"aws-cloudformation-template-formatter","https://github.com/awslabs/aws-cloudformation-template-formatter",159,"cfn-format is a command line tool and Go library that pretty-prints CloudFormation, adhering to the standards used in AWS documentation."
"aws-cloudformation-template-builder","https://github.com/awslabs/aws-cloudformation-template-builder",135,"aws-cloudformation-template-builder contains cfn-skeleton is a command line tool and Go library that consumes the published CloudFormation specification and generates skeleton CloudFormation templates with mandatory and optional parameters of chosen resource types prefilled with placeholder values."
"amazon-ecs-local-container-endpoints","https://github.com/awslabs/amazon-ecs-local-container-endpoints",514,"A container that provides local versions of the ECS Task Metadata Endpoint and ECS Task IAM Roles Endpoint. "
"amazon-sagemaker-mlops-workshop","https://github.com/awslabs/amazon-sagemaker-mlops-workshop",332,"Machine Learning Ops Workshop with SageMaker: lab guides and materials."
"amplify-mobilehub-migrator","https://github.com/awslabs/amplify-mobilehub-migrator",12,"A plugin to migrate existing AWS Mobile Hub projects to be used with the Amplify CLI"
"amazon-apigateway-ingress-controller","https://github.com/awslabs/amazon-apigateway-ingress-controller",113,"A Kubernetes controller for managing Amazon API Gateways"
"aws-vpn-controller","https://github.com/awslabs/aws-vpn-controller",30,"The AWS VPN Controller allows you to create and delete AWS VPNs and connect them to your VPCs using Kubernetes Custom Resource Definitions."
"aws-c-auth","https://github.com/awslabs/aws-c-auth",57,"C99 library implementation of AWS client-side authentication: standard credentials providers and signing."
"aws-crt-dotnet","https://github.com/awslabs/aws-crt-dotnet",11,".NET bindings for the AWS Common Runtime"
"amazon-documentdb-tools","https://github.com/awslabs/amazon-documentdb-tools",149,"Tools for use with the Amazon DocumentDB managed document database service."
"aws-tools-for-vmware","https://github.com/awslabs/aws-tools-for-vmware",6,"Tools and sample code for VMware Cloud on AWS."
"aws-service-catalog-puppet","https://github.com/awslabs/aws-service-catalog-puppet",80,"This is a framework where you list your AWS accounts with tags and your AWS Service Catalog products with tags or target accounts. The framework works through your lists, dedupes and spots collisions and then provisions the products into your AWS accounts for you. It handles the Portfolio sharing, its acceptance and can provision products cross account and cross region."
"aws-service-catalog-factory","https://github.com/awslabs/aws-service-catalog-factory",136,"This is a framework where you define a Service Catalog portfolio, products and versions using YAML. For versions of your products you specify where the source code for them can be found and the framework publishes the portfolio, products and versions in every* AWS Region after validating, linting and testing them."
"joint_biased_embeddings","https://github.com/awslabs/joint_biased_embeddings",4,"joint_based_embeddings is code for training Knowledge Graphs embeddings."
"aws-icons-for-plantuml","https://github.com/awslabs/aws-icons-for-plantuml",1034,"PlantUML sprites, macros, and other includes for Amazon Web Services services and resources"
"aws-streaming-media-analytics","https://github.com/awslabs/aws-streaming-media-analytics",39,"AWS Streaming Media Analytics is a serverless end-to-end solution for analyzing the video streaming experience"
"aws-iot-client","https://github.com/awslabs/aws-iot-client",16,"A command-line tool that automates several common multi-step operations in the IoT and related services."
"aws-encryption-sdk-specification","https://github.com/awslabs/aws-encryption-sdk-specification",33,"AWS Encryption SDK Specification"
"aws-reserved-instance-expiration-notification","https://github.com/awslabs/aws-reserved-instance-expiration-notification",22," Python SAM Lambda module for sending email about AWS Reserved Instance whose contract is expiring within the specified days"
"gluonts","https://github.com/awslabs/gluonts",5080,"Probabilistic time series modeling in Python"
"aws-service-catalog-products","https://github.com/awslabs/aws-service-catalog-products",164,"This repository contains a number of CloudFormation templates which can be used independently or as Products with AWS Service Catalog including the Open Source Tools AWS Service Catalog Factory and AWS Service Catalog Puppet. The templates include a number of the foundational AWS Services you may choose to manage Account Compliance including AWS Config, AWS CloudTrail and GuardDuty"
"or-rl-benchmarks","https://github.com/awslabs/or-rl-benchmarks",85,"The source code for the paper: 'ORL: Reinforcement Learning Benchmarks for Online Stochastic Optimization Problems'"
"aws-event-bucket-throttle","https://github.com/awslabs/aws-event-bucket-throttle",4,"Token bucket that throttles based on key"
"aws-sync-routes","https://github.com/awslabs/aws-sync-routes",17,"Synchronizes the specified route from the main/default route table to all custom route tables in the VPC."
"text-analysis-with-amazon-opensearch-service-and-amazon-comprehend","https://github.com/awslabs/text-analysis-with-amazon-opensearch-service-and-amazon-comprehend",34,"The Text Analysis with Amazon Comprehend and Amazon OpenSearch Service solution is an automated reference implementation that deploys a cost-effective, end-to-end solution for extracting meaningful insights from unstructured data such as customer calls, support tickets, and online customer feedback."
"go-config-generator-for-fluentd-and-fluentbit","https://github.com/awslabs/go-config-generator-for-fluentd-and-fluentbit",25,"A Go Library for programmatically generating Fluentd and Fluent Bit Configuration."
"predictive-maintenance-using-machine-learning","https://github.com/awslabs/predictive-maintenance-using-machine-learning",105,"Set up end-to-end demo architecture for predictive maintenance issues with Machine Learning using Amazon SageMaker"
"adatune","https://github.com/awslabs/adatune",291,"Gradient based Hyperparameter Tuning library in PyTorch"
"predictive-user-engagement","https://github.com/awslabs/predictive-user-engagement",11,"Predictive User Engagement is a turnkey solution that enables developers to quickly and easily add personalization to web and mobile applications, utilizing real-time usage data to personalize recommendations and notifications – all without having any machine learning expertise."
"graphql-schema-utilities","https://github.com/awslabs/graphql-schema-utilities",94,"A CLI tool to merge schema files, and validate operations against the merged GraphQL Schema. With features like adding your own custom validation rules."
"aws-iot-core-websockets","https://github.com/awslabs/aws-iot-core-websockets",26,"A library that handles connecting third-party websockets based MQTT clients to AWS IoT Core."
"results-iterator-for-aws-java-sdk","https://github.com/awslabs/results-iterator-for-aws-java-sdk",9,"A library that handles iterating over results from the AWS Java SDK with minimal boilerplate"
"amazon-s3-step-functions-ingestion-orchestration","https://github.com/awslabs/amazon-s3-step-functions-ingestion-orchestration",28,"Design pattern for orchestrating an incremental data ingestion pipeline using AWS Step Functions from an on premise location into an Amazon S3 datalake bucket"
"cloud-templates-ruby-graphviz","https://github.com/awslabs/cloud-templates-ruby-graphviz",1,"GraphViz render for cloud-templates-ruby. Generates visual representation for arbitrary model."
"aws-rails-provisioner","https://github.com/awslabs/aws-rails-provisioner",199,"Define and deploy containerized Ruby on Rails Applications on AWS"
"amazon-eks-serverless-drainer","https://github.com/awslabs/amazon-eks-serverless-drainer",60,"Amazon EKS node drainer with AWS Lambda."
"ai-powered-health-data-masking","https://github.com/awslabs/ai-powered-health-data-masking",26,"A solution enabling customers to quickly deploy an architecture to identify and mask sensitive health data"
"amazon-ecs-intellisense-schema","https://github.com/awslabs/amazon-ecs-intellisense-schema",19,"Generates a JSON schema file that provides intellisense (documentation lookup, code completion,  and syntax validation) for ECS task definition parameters."
"aws-multi-account-viewer","https://github.com/awslabs/aws-multi-account-viewer",110,"Serverless app designed for any customer with two or more accounts to view resources across accounts/regions in simple single pane of glass website"
"aws-academy-educator-toolkit","https://github.com/awslabs/aws-academy-educator-toolkit",27,"AWS Academy Extras provides tools and content to AWS Academy Educators such as grading scripts, cloud formation lab templates, or custom student labs for collaboration to other AWS Academy Educators."
"aws-clustered-video-streams","https://github.com/awslabs/aws-clustered-video-streams",42,"A clustered video stream is an AWS architecture that increases the quality and reliability of live events by providing seamless regional failover capabilities for live video steams.  Operators can monitor the status of the clustered stream from a single pane of glass and dynamically control from which region the stream consumed by a player originates."
"amazon-kinesis-video-streams-webrtc-sdk-c","https://github.com/awslabs/amazon-kinesis-video-streams-webrtc-sdk-c",1151,"Amazon Kinesis Video Streams Webrtc SDK is for developers to install and customize realtime communication between devices and enable secure streaming of video, audio to Kinesis Video Streams."
"aws-sam-codepipeline-cd","https://github.com/awslabs/aws-sam-codepipeline-cd",89,"A serverless app that sets up an AWS CodePipeline pipeline for a given GitHub repo. This app allows people developing SAM applications to quickly get CodePipeline-based CD setup for their project."
"aws-sam-codebuild-ci","https://github.com/awslabs/aws-sam-codebuild-ci",27,"A serverless app sets up an AWS CodeBuild Project as a CI solution for a GitHub-based SAM project. This app allows people developing SAM applications to quickly get a CodeBuild-based CI setup for their project."
"disco","https://github.com/awslabs/disco",67,"A suite of tools including a framework for creating Java Agents, for aspect-oriented tooling for distributed systems."
"amazon-kinesis-video-streams-webrtc-sdk-js","https://github.com/awslabs/amazon-kinesis-video-streams-webrtc-sdk-js",314,"JS SDK for interfacing with the Amazon Kinesis Video Streams Signaling Service."
"analyze-binary-tools","https://github.com/awslabs/analyze-binary-tools",8,"Binary analysis tools and frameworks"
"secrets-manager-signature-tools","https://github.com/awslabs/secrets-manager-signature-tools",6,"A lightweight wrapper over NodeJS native crypto library for content signing and verification. This library interfaces with AWS Secrets Manager to fetch stored secrets for the signature processes to reduce boilerplate secret management in your code."
"ml-io","https://github.com/awslabs/ml-io",74,"A high performance data access library for machine learning tasks"
"scale-out-computing-on-aws","https://github.com/awslabs/scale-out-computing-on-aws",133,"Scale-Out Computing on AWS is a solution that helps customers deploy and operate a multiuser environment for computationally intensive workflows."
"aws-backup-dynamodb-rotator","https://github.com/awslabs/aws-backup-dynamodb-rotator",9,"The AWS Backup DynamoDB Rotator restores DynamoDB backups to a new timestamped table based on patterns you specify."
"aws-iot-core-accelerators","https://github.com/awslabs/aws-iot-core-accelerators",8,"Deployable solutions for AWS IoT core for common design patterns, or to address specific use-cases."
"iot-channel-using-amazon-pinpoint","https://github.com/awslabs/iot-channel-using-amazon-pinpoint",6,"AWS solution that enables customers to send Pinpoint campaigns to device as a channel leveraging the IoT message broker."
"aws-embedded-metrics-node","https://github.com/awslabs/aws-embedded-metrics-node",259,"Amazon CloudWatch Embedded Metric Format Client Library"
"aws-athena-query-federation","https://github.com/awslabs/aws-athena-query-federation",596,"The Amazon Athena Query Federation SDK allows you to customize Amazon Athena with your own data sources and code."
"amazon-qldb-driver-python","https://github.com/awslabs/amazon-qldb-driver-python",42,"A Python implementation of a driver for Amazon QLDB."
"auto-check-in-app","https://github.com/awslabs/auto-check-in-app",30,"The Auto Check-In App automatically provisions the products and services necessary to configure facial comparison and search for event check-in."
"amazon-qldb-driver-nodejs","https://github.com/awslabs/amazon-qldb-driver-nodejs",54,"A NodeJs implementation of a driver for Amazon QLDB."
"amazon-qldb-driver-java","https://github.com/awslabs/amazon-qldb-driver-java",13,"A Java implementation of a driver for Amazon QLDB."
"secrets-helper","https://github.com/awslabs/secrets-helper",18,"secrets-helper helps you use AWS Secrets Manager to secure the use of CLI tools"
"tough","https://github.com/awslabs/tough",215,"Rust libraries and tools for using and generating TUF repositories"
"aws-embedded-metrics-python","https://github.com/awslabs/aws-embedded-metrics-python",223,"Amazon CloudWatch Embedded Metric Format Client Library"
"aws-parallelcluster-pipeline-gatk-quick-start","https://github.com/awslabs/aws-parallelcluster-pipeline-gatk-quick-start",15,""
"amazon-asdi","https://github.com/awslabs/amazon-asdi",85,"Docs and supporting material for the Amazon Sustainability Data Initiative."
"aws-alb-identity-aspnetcore","https://github.com/awslabs/aws-alb-identity-aspnetcore",8,"Identity Middleware for ASP.NET Core web applications running behind an Application Load Balancer (ALB) configured with the OpenID Connect authentication feature."
"unicornflix","https://github.com/awslabs/unicornflix",205,"Learn how to manage, process, host, and authorize access to streaming video content by building UnicornFlix"
"amazon-kinesis-video-streams-webrtc-sdk-android","https://github.com/awslabs/amazon-kinesis-video-streams-webrtc-sdk-android",64,"Android SDK for interfacing with  Amazon Kinesis Video Streams Signaling Service."
"amazon-kinesis-video-streams-webrtc-sdk-ios","https://github.com/awslabs/amazon-kinesis-video-streams-webrtc-sdk-ios",72,"iOS SDK for interfacing with the Amazon Kinesis Video Streams Signaling Service."
"cognito-at-edge","https://github.com/awslabs/cognito-at-edge",224,"Serverless authentication solution to protect your website or Amplify application"
"fluent-golang-io-writer","https://github.com/awslabs/fluent-golang-io-writer",13,"A Golang Library that wraps the fluent logger Golang and implements io.Writer. Easy logging to Fluentd/Bit with standard loggers."
"sagemaker-debugger-rulesconfig","https://github.com/awslabs/sagemaker-debugger-rulesconfig",8,""
"amazon-ebs-autoscale","https://github.com/awslabs/amazon-ebs-autoscale",114,"Don't run out of disk space on your EC2 instance when generating or working with large files. Automatically add EBS volumes to a filesystem mount point in response to disk utilization."
"windows-web-app-migration-assistant","https://github.com/awslabs/windows-web-app-migration-assistant",54,"PowerShell utility that migrates .NET applications from Windows servers to AWS Elastic Beanstalk"
"predictive-segmentation-using-amazon-pinpoint-and-amazon-sagemaker","https://github.com/awslabs/predictive-segmentation-using-amazon-pinpoint-and-amazon-sagemaker",17,"This solution combines Amazon Pinpoint with Amazon SageMaker to help automate the  process of collecting customer data, predicting customer churn using ML, and maintaining a tailored audience segment for messaging."
"sagemaker-debugger","https://github.com/awslabs/sagemaker-debugger",162,"Amazon SageMaker Debugger provides functionality to save tensors during training of machine learning jobs and analyze those tensors"
"aws-xray-sdk-with-opentelemetry","https://github.com/awslabs/aws-xray-sdk-with-opentelemetry",30,"AWS X-Ray SDK with support for OpenTelemetry"
"amazon-athena-cross-account-catalog","https://github.com/awslabs/amazon-athena-cross-account-catalog",30,"🌉 Reference implementation for granting cross-account AWS Glue Data Catalog access from Amazon Athena"
"w-lda","https://github.com/awslabs/w-lda",40,"Source code for paper ""Topic Modeling with Wasserstein Autoencoders""."
"multi-region-asynchronous-object-replication-solution","https://github.com/awslabs/multi-region-asynchronous-object-replication-solution",8,""
"rds-data-api-client-library-java","https://github.com/awslabs/rds-data-api-client-library-java",21,""
"amazon-kinesis-video-streams-producer-c","https://github.com/awslabs/amazon-kinesis-video-streams-producer-c",65,""
"amazon-kinesis-video-streams-pic","https://github.com/awslabs/amazon-kinesis-video-streams-pic",54,""
"aws-config-rdklib","https://github.com/awslabs/aws-config-rdklib",98,"Python library to enable you to run custom AWS Config Rules at scale, using Lambda Layer."
"amazon-qldb-driver-dotnet","https://github.com/awslabs/amazon-qldb-driver-dotnet",10,""
"amazon-redshift-json-schema-induction","https://github.com/awslabs/amazon-redshift-json-schema-induction",22,"A tool to learn JSON schema from collection of documents and generate Create table statement for Redshift"
"aws-lambda-dart-runtime","https://github.com/awslabs/aws-lambda-dart-runtime",151,"A Dart runtime for AWS Lambda"
"amazon-cloudwatch-publisher","https://github.com/awslabs/amazon-cloudwatch-publisher",29,"Push metrics and logs to CloudWatch from any system that can run Python"
"aws-crt-builder","https://github.com/awslabs/aws-crt-builder",15,""
"amazon-qldb-shell","https://github.com/awslabs/amazon-qldb-shell",25,""
"amazon-s3-find-and-forget","https://github.com/awslabs/amazon-s3-find-and-forget",243,"Amazon S3 Find and Forget is a solution to handle data erasure requests from data lakes stored on Amazon S3, for example, pursuant to the European General Data Protection Regulation (GDPR)"
"aws-sdk-api-changes","https://github.com/awslabs/aws-sdk-api-changes",17,"aws sdk api changes published as a static site"
"amazon-qldb-driver-go","https://github.com/awslabs/amazon-qldb-driver-go",23,"Golang driver for Amazon Quantum Ledger Database (QLDB), which allows Golang developers to write software that makes use of Amazon QLDB."
"genomics-secondary-analysis-using-aws-step-functions-and-aws-batch","https://github.com/awslabs/genomics-secondary-analysis-using-aws-step-functions-and-aws-batch",39,"This solution provides a framework for Next Generation Sequencing (NGS) genomics secondary-analysis pipelines using AWS Step Functions and AWS Batch."
"guidance-for-multi-omics-and-multi-modal-data-integration-and-analysis-on-aws","https://github.com/awslabs/guidance-for-multi-omics-and-multi-modal-data-integration-and-analysis-on-aws",24,"This guidance creates a scalable environment in AWS to prepare genomic, clinical, mutation, expression and imaging data for large-scale analysis and perform interactive queries against a data lake. The solution also demonstrates the use of Amazon Omics for multi-modal analysis."
"genomics-tertiary-analysis-and-machine-learning-using-amazon-sagemaker","https://github.com/awslabs/genomics-tertiary-analysis-and-machine-learning-using-amazon-sagemaker",11,"The Genomics Tertiary Analysis and Machine Learning Using Amazon SageMaker solution creates a scalable environment in AWS to develop machine learning models using genomics data, generate predictions, and evaluate model performance."
"amazon-personalize-optimizer-using-amazon-pinpoint-events","https://github.com/awslabs/amazon-personalize-optimizer-using-amazon-pinpoint-events",10,"Enabling the automated process of using the events generated by their Pinpoint campaigns to rapidly train and optimize their Personalize campaigns."
"sagemaker-battlesnake-ai","https://github.com/awslabs/sagemaker-battlesnake-ai",91,"Starter pack to build an AI for Battlesnake with Amazon Sagemaker more content on wiki:"
"serverless-api-cross-account-cicd","https://github.com/awslabs/serverless-api-cross-account-cicd",26,"Build CI/CD Pipeline for Cross Account Deployment of Lambda API Using Serverless Framework"
"aws-virtual-gpu-device-plugin","https://github.com/awslabs/aws-virtual-gpu-device-plugin",205,"AWS virtual gpu device plugin provides capability to use smaller virtual gpus for your machine learning inference workloads"
"dgl-ke","https://github.com/awslabs/dgl-ke",1326,"High performance, easy-to-use, and scalable package for learning large-scale knowledge graph embeddings."
"swift-aws-lambda-runtime","https://github.com/awslabs/swift-aws-lambda-runtime",1221,"Swift implementation of AWS Lambda Runtime"
"aws-glue-schema-registry","https://github.com/awslabs/aws-glue-schema-registry",146,"AWS Glue Schema Registry Client library provides serializers / de-serializers for applications to integrate with AWS Glue Schema Registry Service. The library currently supports Avro, JSON and Protobuf data formats. See https://docs.aws.amazon.com/glue/latest/dg/schema-registry.html to get started."
"service-workbench-on-aws","https://github.com/awslabs/service-workbench-on-aws",177,"A platform that provides researchers with one-click access to collaborative workspace environments operating across teams, universities, and datasets while enabling university IT stakeholders to manage, monitor, and control spending, apply security best practices, and comply with corporate governance."
"aws-iot-core-integration-with-nvidia-deepstream","https://github.com/awslabs/aws-iot-core-integration-with-nvidia-deepstream",24,""
"amazon-ecs-for-open-application-model","https://github.com/awslabs/amazon-ecs-for-open-application-model",59,"CLI that deploys OAM workloads to Amazon ECS on AWS Fargate"
"aws-cloudmap-prometheus-sd","https://github.com/awslabs/aws-cloudmap-prometheus-sd",38,"A custom service discovery adapter for Prometheus that integrates with AWS Cloud Map"
"sagemaker-graph-fraud-detection","https://github.com/awslabs/sagemaker-graph-fraud-detection",106,"Use Amazon SageMaker and Deep Graph Library (DGL) for Fraud Detection in Networks"
"aws-solutions-constructs","https://github.com/awslabs/aws-solutions-constructs",1331,"The AWS Solutions Constructs Library is an open-source extension of the AWS Cloud Development Kit (AWS CDK) that provides multi-service, well-architected patterns for quickly defining solutions"
"aws-cloudwatch-metrics-custom-spark-listener","https://github.com/awslabs/aws-cloudwatch-metrics-custom-spark-listener",8,"Example Spark streaming sample codes with Custom Listeners to push streaming metrics into Amazon CloudWatch metrics"
"sagemaker-deep-demand-forecast","https://github.com/awslabs/sagemaker-deep-demand-forecast",88,"Using Deep Learning for Demand Forecasting with Amazon SageMaker"
"amazon-eks-irsa-cfn","https://github.com/awslabs/amazon-eks-irsa-cfn",18,"AWS CloudFormation and CDK Construct Library for IAM Roles for EKS Service Accounts "
"sagemaker-explaining-credit-decisions","https://github.com/awslabs/sagemaker-explaining-credit-decisions",98,"Amazon SageMaker Solution for explaining credit decisions."
"aws-trusted-advisor-explorer","https://github.com/awslabs/aws-trusted-advisor-explorer",24,"AWS Trusted Advisor Explorer is an AWS Solution that automatically provisions the infrastructure necessary to aggregate cost optimization recommendations and actively track cost optimization health across your organization over time. The solution creates a data lake that can be used to create dashboards to visually explore the data. The solution enriches the data with Resource Tags that further enhance the discovery and filtering capabilities."
"unsupervised-qa","https://github.com/awslabs/unsupervised-qa",57,"Template-Based Question Generation from Retrieved Sentences for Improved Unsupervised Question Answering"
"aws-simple-cicd","https://github.com/awslabs/aws-simple-cicd",93,"A prescriptive, serverless CI/CD platform leveraging native AWS services built using the AWS Cloud Development Kit (CDK)."
"aws-cross-account-cicd-git-actions-prereq","https://github.com/awslabs/aws-cross-account-cicd-git-actions-prereq",11,""
"aws-cross-account-cicd-git-actions","https://github.com/awslabs/aws-cross-account-cicd-git-actions",7,""
"dgl-lifesci","https://github.com/awslabs/dgl-lifesci",783,"Python package for graph neural networks in chemistry and biology"
"digital-user-engagement-events-database","https://github.com/awslabs/digital-user-engagement-events-database",13,"Configures and builds a database for engagement events generated by Amazon Simple Email Service (SES) and Amazon Pinpoint engagements using Amazon Athena."
"mlm-scoring","https://github.com/awslabs/mlm-scoring",347,"Python library & examples for Masked Language Model Scoring (ACL 2020)"
"game-analytics-pipeline","https://github.com/awslabs/game-analytics-pipeline",43,"The Game Analytics Pipeline is a customer deployable reference architecture to help game developers ingest, store, and analyze telemetry data from games and services."
"speech-representations","https://github.com/awslabs/speech-representations",103,"Code for DeCoAR (ICASSP 2020) and BERTphone (Odyssey 2020)"
"amazon-log-agent-benchmark-tool","https://github.com/awslabs/amazon-log-agent-benchmark-tool",19,"Simple log generation and process resource monitor used to benchmark log agents"
"aws-c-iot","https://github.com/awslabs/aws-c-iot",10,""
"fhir-works-on-aws-deployment","https://github.com/awslabs/fhir-works-on-aws-deployment",301,"A serverless implementation of the FHIR standard that enables users to focus more on their business needs/uniqueness rather than the FHIR specification"
"amazon-sns-java-extended-client-lib","https://github.com/awslabs/amazon-sns-java-extended-client-lib",28,"This AWS SNS client library allows to publish messages to SNS that exceed the 256 KB message size limit."
"aws-cv-task2vec","https://github.com/awslabs/aws-cv-task2vec",124,"Official code for the paper ""Task2Vec: Task Embedding for Meta-Learning"" (https://arxiv.org/abs/1902.03545, ICCV 2019)"
"bike-kem","https://github.com/awslabs/bike-kem",55,"Additional implementation of BIKE (Bit Flipping Key Encapsulation)"
"aws-image-builder-document-generator","https://github.com/awslabs/aws-image-builder-document-generator",12,"EC2 Image Builder Component Document Generator. A PowerShell module to convert your Bash and PowerShell scripts into EC2 Image Builder Component Documents. "
"ssosync","https://github.com/awslabs/ssosync",612,"Populate AWS SSO directly with your G Suite users and groups using either a CLI or AWS Lambda"
"sagemaker-dashboards-for-ml","https://github.com/awslabs/sagemaker-dashboards-for-ml",95,""
"aws-crt-swift","https://github.com/awslabs/aws-crt-swift",22,""
"multilingual-top","https://github.com/awslabs/multilingual-top",8,"Multilingual TOP dataset for semantic parsing in English, Italian and Japanese"
"aws-lc-verification","https://github.com/awslabs/aws-lc-verification",60,"This repository contains specifications, proof scripts, and other artifacts required to formally verify portions of AWS libcrypto. Formal verification is used to locate bugs and increase assurance of the correctness and security of the library."
"multi-domain-goal-oriented-dialogues-dataset","https://github.com/awslabs/multi-domain-goal-oriented-dialogues-dataset",24,"Data from the publication ""Multi-Domain Goal-Oriented Dialogues (MultiDoGO): Strategies toward Curating and Annotating Large Scale Dialogue Data"""
"tc-redirect-tap","https://github.com/awslabs/tc-redirect-tap",72,""
"aws-embedded-metrics-java","https://github.com/awslabs/aws-embedded-metrics-java",46,"Amazon CloudWatch Embedded Metric Format Client Library"
"aws-emr-launch","https://github.com/awslabs/aws-emr-launch",54,""
"aws-solutions-assembler","https://github.com/awslabs/aws-solutions-assembler",6,"Using Mahjong to spin up the best solutions on AWS with few lines of yaml. "
"sagemaker-graph-entity-resolution","https://github.com/awslabs/sagemaker-graph-entity-resolution",17,""
"sagemaker-privacy-for-nlp","https://github.com/awslabs/sagemaker-privacy-for-nlp",18,"A solution that helps apply a privacy preserving mechanism to NLP data, using Amazon SageMaker."
"aws-fleet-predictive-maintenance","https://github.com/awslabs/aws-fleet-predictive-maintenance",70,"Predictive Maintenance for Vehicle Fleets"
"aws-c-s3","https://github.com/awslabs/aws-c-s3",156,"C99 library implementation for communicating with the S3 service, designed for maximizing throughput on high bandwidth EC2 instances."
"payload-offloading-java-common-lib-for-aws","https://github.com/awslabs/payload-offloading-java-common-lib-for-aws",33,"Shared library between AWS extended messaging clients to manage payloads larger than their limits."
"aws-glue-blueprint-libs","https://github.com/awslabs/aws-glue-blueprint-libs",73,""
"aws-sdk-swift","https://github.com/awslabs/aws-sdk-swift",468,""
"aws-build-accumulator","https://github.com/awslabs/aws-build-accumulator",19,"Litani metabuild system"
"aws-crt-ruby","https://github.com/awslabs/aws-crt-ruby",6,""
"aws-media-insights","https://github.com/awslabs/aws-media-insights",31,"This is an application for analyzing the content of images and videos. It includes a GUI and back-end analytical workflows. It is the reference application for the Media Insights Engine."
"aws-data-api","https://github.com/awslabs/aws-data-api",104,"AWS Data API's offer you the ability to replace traditional database back ends for your applications with simple HTTP API's. They offer the speed, scalability, reliability, and security of a sophisticated NOSQL platform, but with zero coding and no servers to manage."
"output-scrubber-nodejs","https://github.com/awslabs/output-scrubber-nodejs",2,"Obscure sensitive information in standard output and standard error."
"amazon-aurora-postgres-monitoring","https://github.com/awslabs/amazon-aurora-postgres-monitoring",40,"An advanced monitoring system for Amazon Aurora PostgreSQL that is completely serverless, based on AWS Lambda and Amazon CloudWatch"
"amazon-transcribe-streaming-sdk","https://github.com/awslabs/amazon-transcribe-streaming-sdk",177,"The Amazon Transcribe Streaming SDK is an async Python SDK for converting audio into text via Amazon Transcribe."
"amazon-emr-user-role-mapper","https://github.com/awslabs/amazon-emr-user-role-mapper",22,"Application to securely map users on a multi tenant Amazon EMR cluster to different IAM Roles and then assume the mapped Role."
"homomorphic-implementors-toolkit","https://github.com/awslabs/homomorphic-implementors-toolkit",68,""
"aws-security-assessment-solution","https://github.com/awslabs/aws-security-assessment-solution",578,"An AWS tool to help you create a point in time assessment of your AWS account using Prowler."
"coldsnap","https://github.com/awslabs/coldsnap",250,"A command line interface for Amazon EBS snapshots"
"amazon-ec2-instance-qualifier","https://github.com/awslabs/amazon-ec2-instance-qualifier",20,"A CLI tool that automates benchmarking on a range of EC2 instance types."
"fhir-works-on-aws-interface","https://github.com/awslabs/fhir-works-on-aws-interface",39,"The interface for the FHIR Works on AWS framework. This package is the glue that allows communication to flow between components "
"fhir-works-on-aws-authz-rbac","https://github.com/awslabs/fhir-works-on-aws-authz-rbac",23,"A role based access control implementation of the FHIR Works on AWS framework, utilizing Cognito and User Groups to perform authorization"
"fhir-works-on-aws-search-es","https://github.com/awslabs/fhir-works-on-aws-search-es",32,"An Elasticsearch implementation of the FHIR Works on AWS framework, enabling users to search for FHIR resources"
"fhir-works-on-aws-routing","https://github.com/awslabs/fhir-works-on-aws-routing",31,"The routing implementation of the FHIR Works on AWS framework. Finding the correct component to handle the HTTP FHIR request"
"fhir-works-on-aws-persistence-ddb","https://github.com/awslabs/fhir-works-on-aws-persistence-ddb",27,"A DynamoDB implementation of the FHIR Works on AWS framework, enabling users to complete CRUD operations on FHIR resources"
"aws-data-api-python-sdk","https://github.com/awslabs/aws-data-api-python-sdk",5,""
"aws-data-api-ux","https://github.com/awslabs/aws-data-api-ux",11,"This project contains a simple web interface for AWS Data API. Data API's give you the ability to create a back end web service to handle core business data, without any coding or servers to manage."
"cloudformation-ldaps-nlb-template","https://github.com/awslabs/cloudformation-ldaps-nlb-template",6,"Configure an LDAPS Endpoint for Simple AD"
"aws-alb-route-directive-adapter-for-istio","https://github.com/awslabs/aws-alb-route-directive-adapter-for-istio",4,""
"privacy-preserving-xgboost-inference","https://github.com/awslabs/privacy-preserving-xgboost-inference",50,"Privacy-preserving XGBoost Inference"
"aws-simple-ec2-cli","https://github.com/awslabs/aws-simple-ec2-cli",102,"A CLI tool that simplifies the process of launching, connecting and terminating an EC2 instance."
"aws-repository-status-monitor","https://github.com/awslabs/aws-repository-status-monitor",11,"The AWS Repository Status Monitor helps open-source developers keep track of GitHub and Docker metrics for their open source projects. "
"sagemaker-defect-detection","https://github.com/awslabs/sagemaker-defect-detection",60,"Detect Defects in Products from their Images using Amazon SageMaker"
"aws-amplify-identity-broker","https://github.com/awslabs/aws-amplify-identity-broker",221,"A centralized login and SSO application to authenticate several websites and mobile apps."
"aws-amplify-identity-broker-client","https://github.com/awslabs/aws-amplify-identity-broker-client",26,"Client demo code sample for the project ""AWS Amplify identity broker"" https://github.com/awslabs/aws-amplify-identity-broker"
"spot-tagging-bot-for-digital-assets","https://github.com/awslabs/spot-tagging-bot-for-digital-assets",18,"Spot Tagging Bot for Digital Assets"
"aws-verification-model-for-libcrypto","https://github.com/awslabs/aws-verification-model-for-libcrypto",5,"Partial verification model for openssl."
"diagram-maker","https://github.com/awslabs/diagram-maker",2419,"A library to display an interactive editor for any graph-like data."
"aws-nitro-enclaves-cose","https://github.com/awslabs/aws-nitro-enclaves-cose",28,"Implements COSE primitives in safe Rust."
"lambda-opencv","https://github.com/awslabs/lambda-opencv",1,""
"diagram-maker-plugin-minimap","https://github.com/awslabs/diagram-maker-plugin-minimap",28,"A minimap plugin package for Diagram Maker."
"clencli","https://github.com/awslabs/clencli",59,"CLENCLI enables you to quickly and predictably create, change, and improve your cloud projects. It is an open source tool that simplifies common tasks that many Cloud engineers have to perform on a daily basis by creating and maintaining the code structure and its documentation always up-to-date."
"aws-cv-unique-information","https://github.com/awslabs/aws-cv-unique-information",11,"We define and estimate smooth unique information of samples with respect to classifier weights and predictions. We compute these quantities for linearized neural networks."
"federated-amazon-eks-clusters-on-aws","https://github.com/awslabs/federated-amazon-eks-clusters-on-aws",52,"The solution demonstrates federation capabilities between two Amazon EKS (Elastic Kubernetes Service) clusters through a secured VPC peering connection. Federation is done by using the official Kubernetes KubeFed project."
"damon-tests","https://github.com/awslabs/damon-tests",7,"Tests package for correctness verifications and performance evaluations of DAMON (https://damonitor.github.io)"
"amazon-timestream-tools","https://github.com/awslabs/amazon-timestream-tools",253,"Tools and utilities to enable loading data and building applications with Amazon Timestream. "
"aws-data-exchange-subscriber-coordinator","https://github.com/awslabs/aws-data-exchange-subscriber-coordinator",6,"AWS Data Exchange Subscriber Coordinator"
"aws-data-exchange-publisher-coordinator","https://github.com/awslabs/aws-data-exchange-publisher-coordinator",8,"AWS Data Exchange Publisher Coordinator"
"aws-crt-php","https://github.com/awslabs/aws-crt-php",407,""
"xpath-util","https://github.com/awslabs/xpath-util",1,""
"aws-bootstrap-kit","https://github.com/awslabs/aws-bootstrap-kit",105,""
"amazon-kinesis-connector-flink","https://github.com/awslabs/amazon-kinesis-connector-flink",24,"This is a fork of the Apache Flink Kinesis connector adding Enhanced Fanout support for Flink 1.8/1.11 on KDA."
"neural-retrieval","https://github.com/awslabs/neural-retrieval",40,"Python library containing BART query generation and BERT-based Siamese models for neural retrieval. "
"amazon-qldb-driver-rust","https://github.com/awslabs/amazon-qldb-driver-rust",15,"A Rust implementation of a driver for Amazon QLDB. "
"aws-orbit-workbench","https://github.com/awslabs/aws-orbit-workbench",147,"A Data Platform built for AWS, powered by Kubernetes."
"amazon-sagemaker-inference-client","https://github.com/awslabs/amazon-sagemaker-inference-client",20,"Amazon Sagemaker Object Detection Inference Endpoint visualization client web application hosted and managed by AWS Amplify. "
"amazon-timestream-driver-jdbc","https://github.com/awslabs/amazon-timestream-driver-jdbc",11,""
"fhir-works-on-aws-persistence-facade","https://github.com/awslabs/fhir-works-on-aws-persistence-facade",7,"A façade implementation of the FHIR Works on AWS framework, enabling users to complete CRUD operations on FHIR resources by posting requests to connected microservices"
"plit","https://github.com/awslabs/plit",4,"A Matplotlib wrapper that automates the undifferentiated heavy-lifting of writing boilerplate code while maintaining the power and feel of Matplotlib."
"fhir-works-on-aws-authz-smart","https://github.com/awslabs/fhir-works-on-aws-authz-smart",32,"A SMART on FHIR v1.0.0 implementation of the FHIR Works on AWS framework, utilizing OAuth2/OIDC authorization server to authorize requests"
"aws-container-images-toolkit","https://github.com/awslabs/aws-container-images-toolkit",70,"A collection of tools to statically and dynamically identify public container images that are hosted on Docker Hub."
"amazon-s3-data-replication-hub-plugin","https://github.com/awslabs/amazon-s3-data-replication-hub-plugin",49,"The Amazon S3 Transfer Plugin for Data Transfer Hub(https://github.com/awslabs/data-transfer-hub). Transfer objects from S3(in other partition), Alibaba Cloud OSS, Tencent COS, Qiniu Kodo into Amazon S3."
"aws-soter","https://github.com/awslabs/aws-soter",5,"Model Checker for Java Programs"
"python-deequ","https://github.com/awslabs/python-deequ",806,"Python API for Deequ"
"amazon-pinpoint-preference-center","https://github.com/awslabs/amazon-pinpoint-preference-center",13,"Configures and builds an Amazon Pinpoint Preference Center that allows Pinpoint Customers to collect end-user attributes and communication preferences."
"aws-embedded-metrics-dotnet","https://github.com/awslabs/aws-embedded-metrics-dotnet",24,"Amazon CloudWatch Embedded Metric Format Client Library"
"sagemaker-handwritten-text-recognition","https://github.com/awslabs/sagemaker-handwritten-text-recognition",13,""
"dynein","https://github.com/awslabs/dynein",394,"DynamoDB CLI written in Rust."
"mlmax","https://github.com/awslabs/mlmax",74,"Example templates for the delivery of custom ML solutions to production so you can get started quickly without having to make too many design choices."
"amazon-s3-tagging-spark-util","https://github.com/awslabs/amazon-s3-tagging-spark-util",12,""
"location-based-notifications-using-amazon-pinpoint","https://github.com/awslabs/location-based-notifications-using-amazon-pinpoint",13,"The Location-Based Notifications Using Amazon Pinpoint solution allows you to engage with your customers based on their location. You can use the solution to create and manage geographic boundaries (geofences) around any businesses or points of interest."
"aws-iot-device-client","https://github.com/awslabs/aws-iot-device-client",150,"The AWS IoT Device Client provides device-side functionality for AWS IoT Services."
"aws-groundstation-eos-pipeline","https://github.com/awslabs/aws-groundstation-eos-pipeline",23,"This guide helps you create an automated Earth Observation pipeline on AWS. "
"amazon-ecr-data-replication-hub-plugin","https://github.com/awslabs/amazon-ecr-data-replication-hub-plugin",13,"The Amazon ECR Transfer Plugin for Data Transfer Hub(https://github.com/awslabs/data-transfer-hub). Transfer container images from Amazon ECR(in other partition) or public container registries into Amazon ECR."
"sagemaker-av-visual-perception","https://github.com/awslabs/sagemaker-av-visual-perception",3,""
"damoos","https://github.com/awslabs/damoos",17,"DAMON-based Optimal Operation Schemes"
"sagemaker-purchase-modelling","https://github.com/awslabs/sagemaker-purchase-modelling",5,""
"filling-in-missing-values-in-tabular-records","https://github.com/awslabs/filling-in-missing-values-in-tabular-records",1,""
"sagemaker-churn-prediction-text","https://github.com/awslabs/sagemaker-churn-prediction-text",9,""
"sagemaker-document-understanding","https://github.com/awslabs/sagemaker-document-understanding",14,""
"amazon-timestream-connector-prometheus","https://github.com/awslabs/amazon-timestream-connector-prometheus",7,""
"iot-static-ip-endpoints","https://github.com/awslabs/iot-static-ip-endpoints",6,"The IoT Static IP Endpoints Solution provides the capability to route all traffic through a set of static IP addresses to other AWS or Internet services"
"aws-mysql-jdbc","https://github.com/awslabs/aws-mysql-jdbc",233,"The Amazon Web Services (AWS) JDBC Driver for MySQL is a driver that enables applications to take full advantage of the features of clustered MySQL databases. "
"pg-collector","https://github.com/awslabs/pg-collector",123,"PG Collector for Postgresql is a sql script that gathers valuable database information and presents it in a consolidated HTML file which provides a convenient way to view and navigate between different sections of the report"
"compliant-framework-for-federal-and-dod-workloads-in-aws-govcloud-us","https://github.com/awslabs/compliant-framework-for-federal-and-dod-workloads-in-aws-govcloud-us",61,"This solution enables you to quickly deploy a secure, scalable, multi-account environment in AWS GovCloud (US) based on AWS best practices. This solution is architected to follow the Defense Information Systems Agency (DISA) Cloud Computing Security Requirements Guide (SRG) for hosting Impact Level (IL) 4 and 5 workloads in the cloud. Using the Compliant Framework solution, you are able to quickly deploy an architecture baseline that accommodates U.S. federal and Department of Defense (DoD) requirements to rapidly achieve Authority to Operate (ATO). In addition, the Compliant Framework solution is also architected to support Cybersecurity Maturity Model Certification (CMMC) readiness."
"concise-constructs","https://github.com/awslabs/concise-constructs",38,"A functional-feeling DX for the AWS CDK and other construct libraries"
"aws-streamer","https://github.com/awslabs/aws-streamer",45,"Video Processing for AWS"
"nlb-sidecar-for-ecs","https://github.com/awslabs/nlb-sidecar-for-ecs",10,"Daemon to be run in a SideCar that will monitor an AWS NLB for the target becoming ""draining"" and force a clean exit of the main application."
"gap-text2sql","https://github.com/awslabs/gap-text2sql",108,"GAP-text2SQL: Learning Contextual Representations for Semantic Parsing with Generation-Augmented Pre-Training"
"wdio-aws-device-farm-service","https://github.com/awslabs/wdio-aws-device-farm-service",27,"AWS Device Farm service for WebdriverIO"
"tag-tamer","https://github.com/awslabs/tag-tamer",4,"WARNING - This package is no longer supported.  Solution to consistently tag AWS resources"
"fleetiq-adapter-for-agones","https://github.com/awslabs/fleetiq-adapter-for-agones",40,"For running containerized game servers on Spot instances reliably and safely"
"aws-crt-ffi","https://github.com/awslabs/aws-crt-ffi",8,"Foreign function interface (FFI) for the AWS Common Runtime (CRT) libraries"
"smithy-intellij","https://github.com/awslabs/smithy-intellij",11,"Smithy IntelliJ provides IDE integration for the Smithy IDL."
"aws-network-drivers","https://github.com/awslabs/aws-network-drivers",5,"This is the AWS SFP I2C driver."
"aws-sdlc-controltower-extension","https://github.com/awslabs/aws-sdlc-controltower-extension",14,""
"s2n-bignum","https://github.com/awslabs/s2n-bignum",190,""
"tecli","https://github.com/awslabs/tecli",216,"In a world where everything is Terraform, teams use Terraform Cloud API to manage their workloads. TECLI increases teams productivity by facilitating such interaction and by providing easy commands that can be executed on a terminal or on CI/CD systems."
"aws-blueprints","https://github.com/awslabs/aws-blueprints",17,""
"amazon-lookout-for-vision-python-sdk","https://github.com/awslabs/amazon-lookout-for-vision-python-sdk",7,""
"serverless-rules","https://github.com/awslabs/serverless-rules",416,"Compilation of rules to validate infrastructure-as-code templates against recommended practices for serverless applications."
"shuttle","https://github.com/awslabs/shuttle",890,"Shuttle is a library for testing concurrent Rust code"
"aws-cicd-workshop-cpt","https://github.com/awslabs/aws-cicd-workshop-cpt",5,""
"aws-cppwrapper-lattigo","https://github.com/awslabs/aws-cppwrapper-lattigo",18,""
"aws-postgresql-jdbc","https://github.com/awslabs/aws-postgresql-jdbc",83,"Note: The Amazon Web Services (AWS) JDBC Driver for PostgreSQL project has moved to a new repository. Visit us at our new repository for the latest version and information (link below). The Amazon Web Services (AWS) JDBC Driver for PostgresSQL is a driver that enables applications to take full advantage of the features of clustered PostgreSQL databases."
"realtime-fraud-detection-with-gnn-on-dgl","https://github.com/awslabs/realtime-fraud-detection-with-gnn-on-dgl",223,"An end-to-end blueprint architecture for real-time fraud detection(leveraging graph database Amazon Neptune) using Amazon SageMaker and Deep Graph Library (DGL) to construct a heterogeneous graph from tabular data and train a Graph Neural Network(GNN) model to detect fraudulent transactions in the IEEE-CIS dataset."
"aws-web3-http-provider","https://github.com/awslabs/aws-web3-http-provider",18,"NPM package for Signature Version 4 authentication on Amazon Managed Blockchain"
"serverless-plugin-lambda-insights","https://github.com/awslabs/serverless-plugin-lambda-insights",44,""
"aws-web3-ws-provider","https://github.com/awslabs/aws-web3-ws-provider",4,"NPM package for Signature Version 4 authentication on Amazon Managed Blockchain"
"damo","https://github.com/awslabs/damo",163,"DAMON user-space tool"
"disaster-recovery-for-aws-iot","https://github.com/awslabs/disaster-recovery-for-aws-iot",17,"This solution provides a failover strategy for your IoT devices. Customers with critical AWS IoT Core workloads can use this solution to store and process their data in a second AWS Region if the primary Region is not available."
"pg-counter-metrics","https://github.com/awslabs/pg-counter-metrics",37,"PG Counter Metrics ( PGCM ) is a tool for publishing PostgreSQL performance data to CloudWatch. By publishing to CloudWatch, dashboards and alarming can be used on the collected data."
"cdk-serverless-clamscan","https://github.com/awslabs/cdk-serverless-clamscan",267,""
"aws-innovation-sandbox","https://github.com/awslabs/aws-innovation-sandbox",32,"The AWS Innovation Sandbox solution provisions isolated, self-contained, environments to help developers, security professionals, and infrastructure teams to securely evaluate, explore, and build proof-of-concepts (POCs) using AWS services and third-party applications that run on AWS."
"aws-sdk-rust","https://github.com/awslabs/aws-sdk-rust",3250,"AWS SDK for the Rust Programming Language"
"aws-saas-boost","https://github.com/awslabs/aws-saas-boost",970,"AWS SaaS Boost is a ready-to-use toolset that removes the complexity of successfully running SaaS workloads in the AWS cloud."
"yesiscan","https://github.com/awslabs/yesiscan",16,"Automatic license scanning and reports!"
"assisted-log-enabler-for-aws","https://github.com/awslabs/assisted-log-enabler-for-aws",267,"Assisted Log Enabler for AWS  - Find AWS resources that are not logging, and turn them on."
"aws-customer-churn-pipeline","https://github.com/awslabs/aws-customer-churn-pipeline",40,"An End to End Customer Churn Prediction solution using AWS services."
"cdk-eks-blueprints","https://github.com/awslabs/cdk-eks-blueprints",495,"AWS Quick Start Team"
"web-client-for-aws-transfer-family","https://github.com/awslabs/web-client-for-aws-transfer-family",77,"This solution creates a web portal for your customers to access your corporate Secure Shell File Transfer Protocol (SFTP) environment. It combines the benefits of using AWS Transfer for SFTP with an intuitive web browser interface for your non-technical users."
"well-architected-lab300-aws-organization-data-terraform-module","https://github.com/awslabs/well-architected-lab300-aws-organization-data-terraform-module",8,""
"aws-managed-services","https://github.com/awslabs/aws-managed-services",10,""
"swagger-ui","https://github.com/awslabs/swagger-ui",7,"Fork of Swagger UI for API Gateway Serverless Developer Portal"
"aws-dataset-ingestion-metrics-collection-framework","https://github.com/awslabs/aws-dataset-ingestion-metrics-collection-framework",30,"Framework to enforce long term health of your AWS Data Lake by providing visibility into operational, data quality and business metrics."
"aws-codepipeline-governance","https://github.com/awslabs/aws-codepipeline-governance",10,""
"kubernetes-iteration-toolkit","https://github.com/awslabs/kubernetes-iteration-toolkit",66,""
"automated-account-configuration","https://github.com/awslabs/automated-account-configuration",14,"The Automated Account Configuration is a sample solution to enable operational scale for AWS customers by automating repeatable steps required before AWS accounts are used for customer workloads. Steps include setting up backups and patching for the resources within the account."
"duvet","https://github.com/awslabs/duvet",96,"A requirements traceability tool"
"aws-sdk-v3-js-proxy","https://github.com/awslabs/aws-sdk-v3-js-proxy",20,"A wrapper for adding proxy configurations to AWS SDK v3 clients."
"qldb-workbench","https://github.com/awslabs/qldb-workbench",3,""
"synchro-charts","https://github.com/awslabs/synchro-charts",81,"Synchro Charts is a front-end component library that provides a collection of components to visualize time-series data."
"tag-policy-setup","https://github.com/awslabs/tag-policy-setup",15,""
"aws-go-multi-module-repository-tools","https://github.com/awslabs/aws-go-multi-module-repository-tools",12,""
"amazon-qldb-driver-js","https://github.com/awslabs/amazon-qldb-driver-js",2,"A JavaScript implementation of a driver for Amazon QLDB."
"fhir-works-on-aws-ui","https://github.com/awslabs/fhir-works-on-aws-ui",15,"A UI client on top of fhir-works-on-aws-deployment"
"aws-security-analytics-bootstrap","https://github.com/awslabs/aws-security-analytics-bootstrap",263,"AWS Security Analytics Bootstrap enables customers to perform security investigations on AWS service logs by providing an Amazon Athena analysis environment that's quick to deploy, ready to use, and easy to maintain."
"open-data-docs","https://github.com/awslabs/open-data-docs",162,"Additional documentation for publicly available datasets on AWS"
"well-architected-lab200-pricing-model-analysis-terraform-module","https://github.com/awslabs/well-architected-lab200-pricing-model-analysis-terraform-module",9,""
"aws-central-log-aggregator","https://github.com/awslabs/aws-central-log-aggregator",11,""
"schema-manager","https://github.com/awslabs/schema-manager",23,""
"tamper-proof-quality-data-using-amazon-qldb","https://github.com/awslabs/tamper-proof-quality-data-using-amazon-qldb",8,"This solution prevents attackers from tampering with quality data by using Amazon Quantum Ledger Database (Amazon QLDB) to maintain an accurate history of data changes."
"well-architected-lab300-aws-compute-optimiser-collector-terraform-module","https://github.com/awslabs/well-architected-lab300-aws-compute-optimiser-collector-terraform-module",5,""
"aws-account-migration-automation","https://github.com/awslabs/aws-account-migration-automation",19,""
"aws-cloudformation-iam-policy-validator","https://github.com/awslabs/aws-cloudformation-iam-policy-validator",141,""
"swift-aws-lambda-events","https://github.com/awslabs/swift-aws-lambda-events",57,"Swift implementation of AWS Lambda Events"
"amazon-denseclus","https://github.com/awslabs/amazon-denseclus",101,"Clustering for mixed-type data"
"aws-greengrass-labs-iot-pubsub-sdk-for-python","https://github.com/awslabs/aws-greengrass-labs-iot-pubsub-sdk-for-python",11,"AWS IoT Greengrass PubSub SDK for Python"
"aws-greengrass-labs-webrtc","https://github.com/awslabs/aws-greengrass-labs-webrtc",11,""
"python-uefivars","https://github.com/awslabs/python-uefivars",25,"Python package and helper tool to analyze, convert and modify UEFI variable stores."
"rust-smt-ir","https://github.com/awslabs/rust-smt-ir",42,""
"aws-lambda-web-adapter","https://github.com/awslabs/aws-lambda-web-adapter",2536,"Run web applications on AWS Lambda"
"amazon-emr-on-eks-custom-image-cli","https://github.com/awslabs/amazon-emr-on-eks-custom-image-cli",31,"Amazon EMR on EKS Custom Image CLI"
"aws-virtual-application-management","https://github.com/awslabs/aws-virtual-application-management",20,"A solution designed to automate the curation of Amazon AppStream 2.0 Images and allows administrators to create an application repository."
"amazon-msk-data-generator","https://github.com/awslabs/amazon-msk-data-generator",18,"Data generator for Amazon MSK"
"recurrent-intensity-model-experiments","https://github.com/awslabs/recurrent-intensity-model-experiments",7,""
"aws-cloudformation-stacks-graph","https://github.com/awslabs/aws-cloudformation-stacks-graph",36,"Generate a network diagram of the CloudFormation stacks using the import/export dependencies that exist amongst them."
"lorien","https://github.com/awslabs/lorien",42,""
"aws-greengrass-labs-local-web-server","https://github.com/awslabs/aws-greengrass-labs-local-web-server",16,""
"neptuneml-toolkit","https://github.com/awslabs/neptuneml-toolkit",28,""
"aws-jwt-verify","https://github.com/awslabs/aws-jwt-verify",710,"JS library for verifying JWTs signed by Amazon Cognito, and any OIDC-compatible IDP that signs JWTs with RS256, RS384, RS512, ES256, ES384, ES512, Ed25519 and Ed448"
"aws-az-failure-chaostoolkit","https://github.com/awslabs/aws-az-failure-chaostoolkit",25,"Custom Chaos Toolkit extension to simulate AZ failure/failover on supported AWS resources"
"pptod","https://github.com/awslabs/pptod",160,"Multi-Task Pre-Training for Plug-and-Play Task-Oriented Dialogue System (ACL 2022)"
"kubeflow-manifests","https://github.com/awslabs/kubeflow-manifests",188,"KubeFlow on AWS"
"aws-greengrass-labs-kvs-stream-uploader","https://github.com/awslabs/aws-greengrass-labs-kvs-stream-uploader",4,""
"aws-ai-solution-kit","https://github.com/awslabs/aws-ai-solution-kit",183,"Machine Learning APIs for common use cases, include: General OCR (Simplified/Traditional Chinese), Custom OCR, Image Similarity, Object Recognition, Face Detection, Face Comparison, Human Image Segmentation, Human Attribute Recognition, Pornography Detection, Image Super Resolution, Text Similarity, Car License Plate, etc."
"remote-monitoring-of-iot-devices","https://github.com/awslabs/remote-monitoring-of-iot-devices",12,"This solution creates remote monitoring for IoT device data transmission or data validity. This solution ingests real-time device data from IoT devices to assess the state of each IoT device and send you notifications if there are data transmission issues or out of range data."
"streaming-endpoint-for-apache-hbase","https://github.com/awslabs/streaming-endpoint-for-apache-hbase",13,"This is a custom Apache HBase replication endpoint, to stream records into Apache Kafka, Amazon Kinesis, etc.   "
"aws-c-sdkutils","https://github.com/awslabs/aws-c-sdkutils",8,""
"aws-greengrass-labs-component-for-the-things-stack-lorawan","https://github.com/awslabs/aws-greengrass-labs-component-for-the-things-stack-lorawan",12,"The Things Stack packaged as an AWS IoT Greengrass component"
"amazon-app-runner-deploy","https://github.com/awslabs/amazon-app-runner-deploy",57,"Registers an AWS AppRunner Service and deploys the application using the source code of a given GitHub repository. Supports both source code and Docker image based service"
"photo-search-on-aws","https://github.com/awslabs/photo-search-on-aws",28,"The Photo Search on AWS solution leverages Amazon Rekognition's artificial intelligence (AI) and machine learning (ML) capabilities to search through your library of images and help find the right photos efficiently. The solution allows you to find a right match for a celebrity, politician, CEO, or a field expert from your large library of photographs for immediate use in relation to a newsworthy event."
"emr-notebooks-magics","https://github.com/awslabs/emr-notebooks-magics",4,"Jupyter magics for EMR Notebooks."
"ai-video-super-resolution","https://github.com/awslabs/ai-video-super-resolution",48,""
"aws-iot-greengrass-edge-connector-for-kinesis-video-stream","https://github.com/awslabs/aws-iot-greengrass-edge-connector-for-kinesis-video-stream",23,""
"iot-app-kit","https://github.com/awslabs/iot-app-kit",127,"A development library for creating web applications to visualize industrial data"
"aws-greengrass-labs-node-red-app-cli","https://github.com/awslabs/aws-greengrass-labs-node-red-app-cli",4,""
"sagemaker-corporate-credit-rating","https://github.com/awslabs/sagemaker-corporate-credit-rating",24,"Corporate Credit Rating Prediction with AWS SageMaker JumpStart"
"aws-greengrass-labs-database-influxdb","https://github.com/awslabs/aws-greengrass-labs-database-influxdb",6,"The AWS IoT Greengrass Labs InfluxDB Component (aws.greengrass.labs.database.InfluxDB) allows you to provision and manage an InfluxDB database on your device."
"aws-greengrass-labs-telemetry-influxdbpublisher","https://github.com/awslabs/aws-greengrass-labs-telemetry-influxdbpublisher",2,"The AWS IoT Greengrass Labs InfluxDBPublisher Component (aws.greengrass.labs.telemetry.InfluxDBPublisher) allows you to forward Greengrass system health telemetry and other custom telemetry to InfluxDB."
"aws-greengrass-labs-dashboard-grafana","https://github.com/awslabs/aws-greengrass-labs-dashboard-grafana",5,"The AWS IoT Greengrass Labs Grafana Component (aws.greengrass.labs.dashboard.Grafana) allows you to provision and manage a local Grafana instance on your device."
"aws-media-replay-engine","https://github.com/awslabs/aws-media-replay-engine",104,"Media Replay Engine (MRE) is a framework to build automated video clipping and replay (highlight) generation pipelines for live and video-on-demand content."
"aws-greengrass-labs-lookoutvision-gstreamer","https://github.com/awslabs/aws-greengrass-labs-lookoutvision-gstreamer",1,"The GStreamer for LookoutForVision Component (aws.greengrass.labs.lookoutvision.GStreamer) provides a GStreamer plugin that enables you to perform Lookout for Vision anomaly detection in your custom GStreamer pipelines."
"aws-greengrass-labs-component-for-home-assistant","https://github.com/awslabs/aws-greengrass-labs-component-for-home-assistant",18,"Home Assistant packaged as an AWS IoT Greengrass component"
"aws-greengrass-labs-bluetooth-gateway","https://github.com/awslabs/aws-greengrass-labs-bluetooth-gateway",9,""
"aws-greengrass-labs-modbus-tcp-protocol-adapter","https://github.com/awslabs/aws-greengrass-labs-modbus-tcp-protocol-adapter",12,""
"aws-greengrass-labs-jupyterlab","https://github.com/awslabs/aws-greengrass-labs-jupyterlab",2,""
"aws-greengrass-labs-tes-router","https://github.com/awslabs/aws-greengrass-labs-tes-router",0,""
"aws-greengrass-labs-secretsmanagerclient","https://github.com/awslabs/aws-greengrass-labs-secretsmanagerclient",2,""
"aws-greengrass-labs-nodered-auth","https://github.com/awslabs/aws-greengrass-labs-nodered-auth",2,""
"aws-greengrass-labs-nodered-docker","https://github.com/awslabs/aws-greengrass-labs-nodered-docker",4,""
"aws-greengrass-labs-nodered","https://github.com/awslabs/aws-greengrass-labs-nodered",6,""
"durepa-hybrid-qa","https://github.com/awslabs/durepa-hybrid-qa",13,""
"amazon-dynamodb-tools","https://github.com/awslabs/amazon-dynamodb-tools",159,"Tools to make effective use of DynamoDB easier."
"database-migration-assessment-framework-v2","https://github.com/awslabs/database-migration-assessment-framework-v2",6,""
"data-compare-tool","https://github.com/awslabs/data-compare-tool",15,""
"amazon-translate-browser-extension","https://github.com/awslabs/amazon-translate-browser-extension",29,"A browser extension for translating web pages using Amazon Translate."
"quantum-computing-exploration-for-drug-discovery-on-aws","https://github.com/awslabs/quantum-computing-exploration-for-drug-discovery-on-aws",70,"Deploy a solution to research on drug discovery problems using quantum computing and classical computing resources."
"app-server-migration","https://github.com/awslabs/app-server-migration",18,"app-server-migration helps in discovering the changes required to migrate the code from source server to target server and provides effort estimations in person days."
"aws-kubernetes-migration-factory","https://github.com/awslabs/aws-kubernetes-migration-factory",132,""
"aws-codeseeder","https://github.com/awslabs/aws-codeseeder",43,"The aws-codeseeder project enables builders to easily ""seed"" python code to AWS CodeBuild for remote execution in their cloud environments. "
"jndi-deobfuscate-python","https://github.com/awslabs/jndi-deobfuscate-python",3,"Python module to deobfuscate 'JNDI' strings, used to exploit systems vulnerable to the recent series of Log4J vulnerabilities."
"minimum-dominating-set-with-ortools","https://github.com/awslabs/minimum-dominating-set-with-ortools",6,"Solver for the minimum dominating set problem with group constraints"
"critter","https://github.com/awslabs/critter",4,"AWS Config Rule Integration TesTER"
"aws-appflow-custom-connector-java","https://github.com/awslabs/aws-appflow-custom-connector-java",19,""
"aws-appflow-custom-connector-python","https://github.com/awslabs/aws-appflow-custom-connector-python",52,""
"aws-greengrass-labs-dashboard-influxdb-grafana","https://github.com/awslabs/aws-greengrass-labs-dashboard-influxdb-grafana",4,"The AWS IoT Greengrass Labs InfluxDB Grafana Dashboard Component (aws.greengrass.labs.dashboard.InfluxDBGrafana) allows you to provision and manage a fully setup Grafana Dashboard connected to InfluxDB."
"rust-smt-ir-examples","https://github.com/awslabs/rust-smt-ir-examples",13,""
"typecart","https://github.com/awslabs/typecart",22,""
"green-boost","https://github.com/awslabs/green-boost",75,"Build Full Stack Cloud Native Web Apps on AWS Fast"
"simpleiot","https://github.com/awslabs/simpleiot",16,"Installer source for SimpleIOT back-end."
"simpleiot-arduino","https://github.com/awslabs/simpleiot-arduino",9,"Arduino SDK for SimpleIOT project."
"simpleiot-cli","https://github.com/awslabs/simpleiot-cli",7,"Desktop command-line-interface for SimpleIOT project."
"aws-ddk","https://github.com/awslabs/aws-ddk",271,"An open source development framework to help you build data workflows and modern data architecture on AWS."
"amplify-graphql-seed-plugin","https://github.com/awslabs/amplify-graphql-seed-plugin",27,"This is an Amplify Plugin which helps your to seed the databases of your Amplify projects with data using an AppSync GraphQL API. It can be used to seed local mock databases, as well as remote databases, e.g. for testing purposes. This plugin allows you to customize and auto-generate mock data, including data with relationships between models. "
"aws-cloudsaga","https://github.com/awslabs/aws-cloudsaga",471,"AWS CloudSaga - Simulate security events in AWS"
"aws-aurora-rds-postgresql-excel-generator","https://github.com/awslabs/aws-aurora-rds-postgresql-excel-generator",12,""
"crossplane-on-eks","https://github.com/awslabs/crossplane-on-eks",372,"Crossplane bespoke composition blueprints for AWS resources"
"aws-automated-incident-response-and-forensics","https://github.com/awslabs/aws-automated-incident-response-and-forensics",400,""
"aws-greengrass-labs-s3-file-uploader","https://github.com/awslabs/aws-greengrass-labs-s3-file-uploader",21,""
"aws-proton-plugins-for-backstage","https://github.com/awslabs/aws-proton-plugins-for-backstage",48,""
"aws-virtual-kubelet","https://github.com/awslabs/aws-virtual-kubelet",27,""
"sageinspector","https://github.com/awslabs/sageinspector",12,"Inspect Amazon SageMaker resources. Easily."
"amazon-qldb-ledger-load-java","https://github.com/awslabs/amazon-qldb-ledger-load-java",7,"An extensible framework for asynchronous, parallelized data-loading into a QLDB ledger."
"amazon-qldb-export-processor-java","https://github.com/awslabs/amazon-qldb-export-processor-java",4,""
"aws-java-nio-spi-for-s3","https://github.com/awslabs/aws-java-nio-spi-for-s3",84,"A Java NIO.2 service provider for Amazon S3"
"raf","https://github.com/awslabs/raf",145,""
"vivid-state-machine","https://github.com/awslabs/vivid-state-machine",6,"A cross-platform library for implementing state machines in C/C++ and vividly documenting them in UML."
"aws-greengrass-labs-containerized-secure-tunneling","https://github.com/awslabs/aws-greengrass-labs-containerized-secure-tunneling",6,""
"dotnet-nativeaot-labs","https://github.com/awslabs/dotnet-nativeaot-labs",136,"A place to learn about and experiment with .NET NativeAOT on AWS."
"pgjdbc","https://github.com/awslabs/pgjdbc",0,"Postgresql JDBC Driver"
"service-workbench-on-aws-cn","https://github.com/awslabs/service-workbench-on-aws-cn",9,"Region expansion for solution Service Workbench on AWS. A platform that provides researchers with one-click access to collaborative workspace environments operating across teams, universities, and datasets while enabling university IT stakeholders to manage, monitor, and control spending, apply security best practices, and comply with corporate governance."
"simpleiot-build","https://github.com/awslabs/simpleiot-build",5,"Website, documentation, and workshop sources for SimpleIOT project."
"collaboration-chambers-on-aws","https://github.com/awslabs/collaboration-chambers-on-aws",2,""
"sandbox-accounts-for-events","https://github.com/awslabs/sandbox-accounts-for-events",216,"""Sandbox Accounts for Events"" allows to provide multiple, temporary AWS accounts to a number of authenticated users simultaneously via a browser-based GUI."
"aws-glue-streaming-libs","https://github.com/awslabs/aws-glue-streaming-libs",13,""
"landing-zone-accelerator-on-aws","https://github.com/awslabs/landing-zone-accelerator-on-aws",739,"Deploy a multi-account cloud foundation to support highly-regulated workloads and complex compliance requirements."
"aws-lambda-powershell-runtime","https://github.com/awslabs/aws-lambda-powershell-runtime",65,"This new PowerShell custom runtime for AWS Lambda makes it even easier to run Lambda functions written in PowerShell to process events."
"aws-codeservices-plugins-for-backstage","https://github.com/awslabs/aws-codeservices-plugins-for-backstage",34,"Backstage plugin for AWS Code Services integration"
"automated-security-helper","https://github.com/awslabs/automated-security-helper",522,"ASH is an extensible, open source SAST, SCA, and IaC security scanner orchestration engine."
"seed-farmer","https://github.com/awslabs/seed-farmer",81,"Seed-Farmer is an orchestration tool that acts as an orchestration tool modeled after GitOps deployments. It has a CommandLine Interface based in Python, leverages modular code deployments defined by declarative manifests, and includes change detection and deployment optimization."
"kinesis-hot-shard-advisor","https://github.com/awslabs/kinesis-hot-shard-advisor",28,"The Amazon Kinesis Hot Shard Advisor is a CLI tool that simplifies identifying whether you have hot key or hot shard issues on your Kinesis data streams. The tool can also identify whether you are hitting the shard level throughput limit per-second basis."
"awscli-plugin-tls","https://github.com/awslabs/awscli-plugin-tls",0,""
"ratex","https://github.com/awslabs/ratex",23,""
"barometer","https://github.com/awslabs/barometer",19,"A tool to automate analytic platform evaluations. Barometer helps customers to get data points needed for service selection/service configurations for given workload"
"autonomous-driving-data-framework","https://github.com/awslabs/autonomous-driving-data-framework",145,"ADDF is a collection of modules, deployed using the SeedFarmer orchestration tool. ADDF modules enable users to quickly bootstrap environments for the process and analysis of autonomous driving data."
"flexible-snapshot-proxy","https://github.com/awslabs/flexible-snapshot-proxy",39,"High-performance open-source orchestration utility that utilizes EBS Direct APIs to efficiently clone, copy and migrate EBS snapshots to and from arbitrary File, Block or Object destinations."
"aws-cyclone-solution","https://github.com/awslabs/aws-cyclone-solution",28,""
"frontend-discovery","https://github.com/awslabs/frontend-discovery",159,"The aim of this project is to define and drive adoption of a frontend discovery pattern, with a primary focus on client-side rendered (CSR), server-side rendered (SSR) and edge-side rendered (ESR) micro-frontends"
"soci-snapshotter","https://github.com/awslabs/soci-snapshotter",674,"A containerd snapshotter plugin which enables standard OCI images to be lazily loaded without requiring a build-time conversion step."
"amazon-accessible-rl-sdk","https://github.com/awslabs/amazon-accessible-rl-sdk",36,"A2RL is a Python library for offline reinforcement learning"
"terraform-iam-policy-validator","https://github.com/awslabs/terraform-iam-policy-validator",342,"A command line tool that validates AWS IAM Policies in a Terraform template against AWS IAM best practices "
"aws-last-mile-district-opt","https://github.com/awslabs/aws-last-mile-district-opt",1,""
"mountpoint-s3","https://github.com/awslabs/mountpoint-s3",5513,"A simple, high-throughput file client for mounting an Amazon S3 bucket as a local file system."
"rust-smt-strings","https://github.com/awslabs/rust-smt-strings",9,""
"crowd-coachable-recommendations","https://github.com/awslabs/crowd-coachable-recommendations",7,""
"amazon-emr-vscode-toolkit","https://github.com/awslabs/amazon-emr-vscode-toolkit",39,"A VS Code Extension to make it easier to manage and develop Spark jobs on EMR"
"smt-ml-runtime-predictor","https://github.com/awslabs/smt-ml-runtime-predictor",2,""
"aws-greengrass-labs-database-postgresql","https://github.com/awslabs/aws-greengrass-labs-database-postgresql",5,""
"visual-asset-management-system","https://github.com/awslabs/visual-asset-management-system",107,"Visual Asset Management System (VAMS) is a purpose-built, AWS native solution for the management and distribution of traditional to specialized visual assets used in physical AI and spatial computing. "
"data-on-eks","https://github.com/awslabs/data-on-eks",816,"DoEKS is a tool to build, deploy and scale Data Platforms on Amazon EKS"
"atlearn","https://github.com/awslabs/atlearn",11,""
"cargo-check-external-types","https://github.com/awslabs/cargo-check-external-types",65,"Static analysis tool for Rust library authors to set and verify which types from other libraries are allowed to be exposed in their public API."
"aws-terraform-dev-container","https://github.com/awslabs/aws-terraform-dev-container",160,"A VSCode Dev Container with tools to help you build and manage AWS infrastructure with Terraform"
"amazon-sns-python-extended-client-lib","https://github.com/awslabs/amazon-sns-python-extended-client-lib",20,""
"sagemaker-graph-based-credit-scoring","https://github.com/awslabs/sagemaker-graph-based-credit-scoring",10,""
"aws-code-habits","https://github.com/awslabs/aws-code-habits",85,"A library with Make targets, Ansible playbooks, Jinja templates (and more) designed to boost common software development tasks and enhance governance. "
"Renate","https://github.com/awslabs/Renate",298,"Library for automatic retraining and continual learning"
"summarization-privacy-policies","https://github.com/awslabs/summarization-privacy-policies",2,""
"aws-rds-indexmaintenance-job-example","https://github.com/awslabs/aws-rds-indexmaintenance-job-example",2,""
"aws-healthomics-tools","https://github.com/awslabs/aws-healthomics-tools",39,""
"aws-oracle-to-oracle-object-postmigration-sanity","https://github.com/awslabs/aws-oracle-to-oracle-object-postmigration-sanity",3,""
"players-behaviors-dataset-generator","https://github.com/awslabs/players-behaviors-dataset-generator",8,""
"fortuna","https://github.com/awslabs/fortuna",922,"A Library for Uncertainty Quantification."
"fast-differential-privacy","https://github.com/awslabs/fast-differential-privacy",135,"Fast, memory-efficient, scalable optimization of deep learning with differential privacy"
"palace","https://github.com/awslabs/palace",428,"3D finite element solver for computational electromagnetics"
"migration-hadoop-to-emr-tco-simulator","https://github.com/awslabs/migration-hadoop-to-emr-tco-simulator",20,""
"graphstorm","https://github.com/awslabs/graphstorm",441,"Enterprise graph machine learning framework for billion-scale graphs for ML scientists and data scientists."
"eks-node-viewer","https://github.com/awslabs/eks-node-viewer",1558,"EKS Node Viewer"
"amazon-emr-serverless-image-cli","https://github.com/awslabs/amazon-emr-serverless-image-cli",3,""
"iot-application","https://github.com/awslabs/iot-application",35,"Visualize your AWS IoT data with the IoT Application."
"aws-greengrass-labs-parsec-provider","https://github.com/awslabs/aws-greengrass-labs-parsec-provider",5,""
"node-latency-for-k8s","https://github.com/awslabs/node-latency-for-k8s",97,"The node-latency-for-k8s tool provides process-level telemetry via prometheus metrics, cloudwatch metrics, and markdown timing charts to optimized K8s node launch times."
"slapo","https://github.com/awslabs/slapo",151,"A schedule language for large model training"
"cfn-ecr-aws-soci-index-builder","https://github.com/awslabs/cfn-ecr-aws-soci-index-builder",34,""
"iam-roles-anywhere-session","https://github.com/awslabs/iam-roles-anywhere-session",59,"This package provides an easy way to create a refreshable boto3 Session with AWS Roles Anywhere."
"aws-iot-expresslink-library-arduino","https://github.com/awslabs/aws-iot-expresslink-library-arduino",1,""
"aws-iot-expresslink-library-python","https://github.com/awslabs/aws-iot-expresslink-library-python",4,""
"diagnostic-robustness-text-to-sql","https://github.com/awslabs/diagnostic-robustness-text-to-sql",33,"Data for paper ""Dr.Spider: A Diagnostic Evaluation Benchmark towards Text-to-SQL Robustness"""
"dynamodb-shell","https://github.com/awslabs/dynamodb-shell",163,"A command line client (shell) for AWS DynamoDB that offers DDL and DML support similar to CLIs for other databases."
"aws-iot-core-credential-provider-session-helper","https://github.com/awslabs/aws-iot-core-credential-provider-session-helper",6,"This package provides an easy way to create a refreshable Boto3 Session using the AWS IoT Core credential provider."
"aws-break-glass-role","https://github.com/awslabs/aws-break-glass-role",179,"Create a break glass role for emergency use in order to limit AWS production account access. Configure automatic alerts and logging of activities in the role to secure its use in production environments."
"boto-formatter","https://github.com/awslabs/boto-formatter",27,"boto3 response formatter"
"eksdemo","https://github.com/awslabs/eksdemo",244,"The easy button for learning, testing and demoing Amazon EKS"
"sustainability-scanner","https://github.com/awslabs/sustainability-scanner",122,""
"staticwebsite-cli","https://github.com/awslabs/staticwebsite-cli",88,"Quickly and easily host a static website on AWS."
"frontend-discovery-service","https://github.com/awslabs/frontend-discovery-service",167,"Frontend Service Discovery on AWS is a solution to handle frontend releases on AWS using the frontend discovery pattern."
"dti-protein-language-models","https://github.com/awslabs/dti-protein-language-models",5,""
"aws-cloudformation-controller-for-flux","https://github.com/awslabs/aws-cloudformation-controller-for-flux",54,"AWS CloudFormation template sync controller for Flux"
"mpartman","https://github.com/awslabs/mpartman",17,"Modern partition manager for PostgreSQL"
"amazon-s3-tar-tool","https://github.com/awslabs/amazon-s3-tar-tool",225,"A utility tool to create a tarball of existing objects in Amazon S3"
"operational-readiness-review-custom-war-lens","https://github.com/awslabs/operational-readiness-review-custom-war-lens",24,"The AWS Operational Readiness Review (ORR) acts as a sanity & safety check for a new workload built on AWS services, assessed before the new workload goes live in production. This custom WAR lens will allow you to run your own ORR again your workloads."
"sensitive-data-protection-on-aws","https://github.com/awslabs/sensitive-data-protection-on-aws",122,"The Sensitive Data Protection on AWS solution allows enterprise customers to create data catalogs, discover, protect, and visualize sensitive data across multiple AWS accounts. The solution eliminates the need for manual tagging to track sensitive data such as Personal Identifiable Information (PII) and classified information."
"simple-database-archival-solution","https://github.com/awslabs/simple-database-archival-solution",3,"Simple Database Archival Solution (SDAS) is an open source solution which you can deploy in your AWS account to archive data to AWS. SDAS provides organizations with an efficient, easy and cost-effective solution for archiving Oracle, Microsoft SQL, PostgreSQL, and MySQL databases. "
"idf-modules","https://github.com/awslabs/idf-modules",55,"Industry Data Framework (IDF) IAC modules repository"
"amazon-emr-cli","https://github.com/awslabs/amazon-emr-cli",45,"A command-line interface for packaging, deploying, and running your EMR Serverless Spark jobs"
"compat-collation-for-glibc","https://github.com/awslabs/compat-collation-for-glibc",6,""
"protonizer","https://github.com/awslabs/protonizer",15,"A CLI tool for working with IaC in AWS Proton"
"amazon-sagemaker-financial-product-recommender-with-graph-ml","https://github.com/awslabs/amazon-sagemaker-financial-product-recommender-with-graph-ml",6,"Financial Product Recommendation With Graph ML"
"aws-glue-data-catalog-federation","https://github.com/awslabs/aws-glue-data-catalog-federation",12,""
"resource-lister","https://github.com/awslabs/resource-lister",18,""
"aws-iot-greengrass-component-kvs-webrtc","https://github.com/awslabs/aws-iot-greengrass-component-kvs-webrtc",7,""
"attribution-gen","https://github.com/awslabs/attribution-gen",6,"Licenses attributions file generator"
"decode-answer-logical-form","https://github.com/awslabs/decode-answer-logical-form",32,""
"aws-greengrass-labs-certificate-rotator","https://github.com/awslabs/aws-greengrass-labs-certificate-rotator",20,"Greengrass component and companion cloud backend for rotating the core device certificate and private key"
"aws-athena-query-federation-dsv2","https://github.com/awslabs/aws-athena-query-federation-dsv2",8,""
"harmonix","https://github.com/awslabs/harmonix",303,"A developer portal to meet your Enterprise needs. Fast, secure, and at-scale. "
"threat-composer","https://github.com/awslabs/threat-composer",644,"A simple threat modeling tool to help humans to reduce time-to-value when threat modeling"
"aws-greengrass-labs-openthread-border-router","https://github.com/awslabs/aws-greengrass-labs-openthread-border-router",8,"AWS IoT Greengrass component for deploying the OpenThread Border Router container"
"specctl","https://github.com/awslabs/specctl",256,"CLI to convert Kubernetes specifications to ECS Fargate and vice-versa"
"synthtable","https://github.com/awslabs/synthtable",8,""
"amazon-msk-config-detector","https://github.com/awslabs/amazon-msk-config-detector",14,""
"volume-modifier-for-k8s","https://github.com/awslabs/volume-modifier-for-k8s",11,""
"snapchange","https://github.com/awslabs/snapchange",461,"Lightweight fuzzing of a memory snapshot using KVM"
"high-level-enhancements-for-aws-in-cpp","https://github.com/awslabs/high-level-enhancements-for-aws-in-cpp",7,""
"llm-hosting-container","https://github.com/awslabs/llm-hosting-container",90,"Large Language Model Hosting Container"
"backstage-templates-on-eks","https://github.com/awslabs/backstage-templates-on-eks",9,""
"whiskey-jack","https://github.com/awslabs/whiskey-jack",15,"An architecture diagram editor and code generator"
"cis-matching-tasks","https://github.com/awslabs/cis-matching-tasks",8,"A package for constructing confidence intervals for error rates in matching tasks such as 1:1 face and speaker verification. "
"ar-go-tools","https://github.com/awslabs/ar-go-tools",41,"ar-go-tools (Argot) is a collection of analysis tools for Go"
"osml-cdk-constructs","https://github.com/awslabs/osml-cdk-constructs",9,""
"osml-model-runner","https://github.com/awslabs/osml-model-runner",10,""
"osml-model-runner-test","https://github.com/awslabs/osml-model-runner-test",4,""
"osml-models","https://github.com/awslabs/osml-models",4,""
"osml-cesium-globe","https://github.com/awslabs/osml-cesium-globe",5,""
"osml-imagery-toolkit","https://github.com/awslabs/osml-imagery-toolkit",20,""
"tensor-message-passing","https://github.com/awslabs/tensor-message-passing",4,""
"aws-iatk","https://github.com/awslabs/aws-iatk",101,""
"aws-sap-automation","https://github.com/awslabs/aws-sap-automation",14,"Collection of scripts, that can be used with AWS Launch Wizard for SAP or standalone to automate SAP on AWS"
"iac-devtools-cli-for-cdk","https://github.com/awslabs/iac-devtools-cli-for-cdk",37,""
"apn-competency-helper","https://github.com/awslabs/apn-competency-helper",21,"APN Designations template folder structure and presentation, including APN Competency Program and APN Service Delivery Program"
"amazon-timestream-odbc-driver","https://github.com/awslabs/amazon-timestream-odbc-driver",6,""
"k8s-network-policy-migrator","https://github.com/awslabs/k8s-network-policy-migrator",32,"K8s Network Policy Migrator is a tool to migrate Calico or Cilium custom network policies to Kubernetes native network policy. The tool offers features like pre-migration checks, policy collection and conversion, as well as easy validate, apply, rollback, and cleanup options"
"aws-dynasync","https://github.com/awslabs/aws-dynasync",6,"Create an AWS AppSync GraphQL API and an Amazon DynamoDB database with a single command. Automate the building and provisioning of a GraphQL API using a single config file with AWS AppSync and Amazon DynamoDb to store the data."
"robustqa-acl23","https://github.com/awslabs/robustqa-acl23",20,""
"unified-text2sql-benchmark","https://github.com/awslabs/unified-text2sql-benchmark",82,"UNITE: A Unified Benchmark for Text-to-SQL Evaluation"
"codetask-cl-pptf","https://github.com/awslabs/codetask-cl-pptf",5,""
"amazon-dynamodb-local-samples","https://github.com/awslabs/amazon-dynamodb-local-samples",27,"This is a sample Java project that demonstrates how to use DynamoDB Local for local development and testing"
"vqa-generate-then-select","https://github.com/awslabs/vqa-generate-then-select",3,""
"extending-the-context-length-of-open-source-llms","https://github.com/awslabs/extending-the-context-length-of-open-source-llms",56,""
"git-branching-strategies-for-multiaccount-devops","https://github.com/awslabs/git-branching-strategies-for-multiaccount-devops",26,""
"data-solutions-framework-on-aws","https://github.com/awslabs/data-solutions-framework-on-aws",143,"An open-source framework that simplifies implementation of data solutions. "
"static-checker-flink","https://github.com/awslabs/static-checker-flink",4,"Maven plugin to detect known connector incompatibility and other Apache Flink issues at build time"
"aws-iam-access-analyzer-policy-validation-config-rule","https://github.com/awslabs/aws-iam-access-analyzer-policy-validation-config-rule",8,""
"managed-service-for-apache-flink-blueprints","https://github.com/awslabs/managed-service-for-apache-flink-blueprints",21,""
"osml-tile-server","https://github.com/awslabs/osml-tile-server",8,""
"simple-code-scanning-pipeline","https://github.com/awslabs/simple-code-scanning-pipeline",19,""
"hypergraph-tabular-lm","https://github.com/awslabs/hypergraph-tabular-lm",30,""
"aws-crt-s3-benchmarks","https://github.com/awslabs/aws-crt-s3-benchmarks",13,"Benchmarking for multiple AWS S3 libraries."
"aws-serverless-prometheus-push-gateway","https://github.com/awslabs/aws-serverless-prometheus-push-gateway",6,"  AWS Serverless Prometheus Push Gateway enables you to push metrics into Prometheus from any source without modifying your application or running an always-on service for Prometheus to scrape."
"aws-glue-apache-hudi-operational-data-processing-framework","https://github.com/awslabs/aws-glue-apache-hudi-operational-data-processing-framework",23,"Operational Data Processing Framework developed using AWS Glue and Apache Hudi. This framework is suitable for Data Lake and Modern Data Platform implementations on the AWS Cloud."
"dqdl","https://github.com/awslabs/dqdl",21,""
"generative-ai-cdk-constructs","https://github.com/awslabs/generative-ai-cdk-constructs",514,"AWS Generative AI CDK Constructs are sample implementations of AWS CDK for common generative AI patterns."
"operatorpkg","https://github.com/awslabs/operatorpkg",28,""
"the-qubit-factory","https://github.com/awslabs/the-qubit-factory",31,"A puzzle/construction game about quantum computing."
"privacy-adhering-machine-unlearning-nlp","https://github.com/awslabs/privacy-adhering-machine-unlearning-nlp",2,""
"llrt","https://github.com/awslabs/llrt",8654,"LLRT (Low Latency Runtime) is an experimental, lightweight JavaScript runtime designed to address the growing demand for fast and efficient Serverless applications."
"mountpoint-s3-csi-driver","https://github.com/awslabs/mountpoint-s3-csi-driver",369,"Built on Mountpoint for Amazon S3, the Mountpoint CSI driver presents an Amazon S3 bucket as a storage volume accessible by containers in your Kubernetes cluster."
"garnet-framework","https://github.com/awslabs/garnet-framework",39,"The Garnet Framework is an open-source framework that enables you to build living digital twins and context-aware solutions through dynamic knowledge graphs."
"clickstream-wechat","https://github.com/awslabs/clickstream-wechat",5,"Wechat Miniprogram SDK for Clickstream Analytics on AWS"
"weaviate-on-eks","https://github.com/awslabs/weaviate-on-eks",9,""
"kubectl-connect","https://github.com/awslabs/kubectl-connect",1,""
"spark-sql-kinesis-connector","https://github.com/awslabs/spark-sql-kinesis-connector",38,"Spark Structured Streaming Kinesis Data Streams connector supports both GetRecords and SubscribeToShard (Enhanced Fan-Out, EFO)"
"observability-solution-kit","https://github.com/awslabs/observability-solution-kit",10,""
"ask-bedrock","https://github.com/awslabs/ask-bedrock",24,"Converse with your favorite Amazon Bedrock large language model from the command line."
"s3-connector-for-pytorch","https://github.com/awslabs/s3-connector-for-pytorch",193,"The Amazon S3 Connector for PyTorch delivers high throughput for PyTorch training jobs that access and store data in Amazon S3."
"cdk-apigateway-s3-construct","https://github.com/awslabs/cdk-apigateway-s3-construct",10,""
"aws-greengrass-labs-s3-file-downloader","https://github.com/awslabs/aws-greengrass-labs-s3-file-downloader",3,""
"logic-scaffolding-for-personalized-recommendation-explanation-generation","https://github.com/awslabs/logic-scaffolding-for-personalized-recommendation-explanation-generation",2,""
"consolidated-organizations-wide-cases-activity","https://github.com/awslabs/consolidated-organizations-wide-cases-activity",10,""
"smithy-iot-device-sdk-greengrass-ipc","https://github.com/awslabs/smithy-iot-device-sdk-greengrass-ipc",1,""
"avp-local-agent","https://github.com/awslabs/avp-local-agent",18,""
"aws-greengrass-labs-osi-pi-streaming-data-connector","https://github.com/awslabs/aws-greengrass-labs-osi-pi-streaming-data-connector",11,"Provides real-time data ingestion from OSI PI Data Archive to a modern data architecture on AWS with integrations to OSI PI Asset Framework centrally managed over AWS IoT PubSub messaging."
"mls-rs","https://github.com/awslabs/mls-rs",187,"An implementation of Messaging Layer Security (RFC 9420)"
"optimizing-multitask-training-through-dynamic-pipelines","https://github.com/awslabs/optimizing-multitask-training-through-dynamic-pipelines",20,"Official repository for the paper DynaPipe: Optimizing Multi-task Training through Dynamic Pipelines"
"measuring-fairness-of-rankings-under-noisy-sensitive-information","https://github.com/awslabs/measuring-fairness-of-rankings-under-noisy-sensitive-information",1,""
"vip-token-centric-compression","https://github.com/awslabs/vip-token-centric-compression",5,""
"project-lakechain","https://github.com/awslabs/project-lakechain",185,":zap: Cloud-native, AI-powered, document processing pipelines on AWS."
"cloudfront-hosting-toolkit","https://github.com/awslabs/cloudfront-hosting-toolkit",111,"CloudFront Hosting Toolkit offers the convenience of a managed frontend hosting service while retaining full control over the hosting and deployment infrastructure to make it your own."
"anfw-automate","https://github.com/awslabs/anfw-automate",16,"Automate rule management for AWS Network Firewall"
"aws-greengrass-labs-ml-components","https://github.com/awslabs/aws-greengrass-labs-ml-components",1,""
"swift-openapi-lambda","https://github.com/awslabs/swift-openapi-lambda",21,"An AWS Lambda transport  for Swift OpenAPI"
"pireporter","https://github.com/awslabs/pireporter",14,"A comprehensive tool for capturing performance metrics and workload snapshots, and generating in-depth comparison reports for Amazon Aurora PostgreSQL databases. Helps to troubleshoot problems, optimize instance size and cost."
"amazon-linux-instance-finder","https://github.com/awslabs/amazon-linux-instance-finder",2,""
"genai-bedrock-chatbot","https://github.com/awslabs/genai-bedrock-chatbot",53,"A demo application that uses Amazon SageMaker manuals and pricing data tables as an example to explore the capabilities of a generative AI chatbot."
"amazon-kinesis-video-streams-sdp","https://github.com/awslabs/amazon-kinesis-video-streams-sdp",2,""
"backstage-plugins-for-aws","https://github.com/awslabs/backstage-plugins-for-aws",137,"AWS plugins for Backstage"
"containers-cost-allocation-dashboard","https://github.com/awslabs/containers-cost-allocation-dashboard",38,"A QuickSight dashboard for containers cost allocation based on data from Kubecost"
